Country,Indicator,Series,Unit,Year,,,,,,,,,,,,,,,,,,,,,,,,,,
,,,,2016,2015,2014,2013,2012,2011,2010,2009,2008,2007,2006,2005,2004,2003,2002,2001,2000,1999,1998,1997,1996,1995,1994,1993,1992,1991,1990
East and North-East Asia,"Exports to major regions, share",Asia-Pacific (ESCAP),% of total merchandise exports,-,54.5,54.7,56,54.8,53.5,52.3,51.7,50.2,49.6,48.9,49.5,49.7,49.4,47.2,45.4,44.1,42,40.9,47.3,48.3,47.1,44.8,42.8,42.1,64.3,65.8
China,"Exports to major regions, share",Asia-Pacific (ESCAP),% of total merchandise exports,-,48,49.1,50,48.1,46.3,45.2,45.5,45.2,45.8,45.6,46.9,48.3,49.3,50.8,51.4,51.6,51.2,52.2,58.6,59.3,60.5,59.8,58.2,73.5,-,-
"Hong Kong, China","Exports to major regions, share",Asia-Pacific (ESCAP),% of total merchandise exports,-,74.7,74.9,76.8,74.9,72.4,70.4,67.4,66,65.2,63,61.8,61.4,59.4,56.4,53.7,51.4,50,49.9,52.8,53.5,52,50.6,49.4,47.2,-,-
Japan,"Exports to major regions, share",Asia-Pacific (ESCAP),% of total merchandise exports,-,51.5,52.9,53.4,53.9,54.7,53.7,51.7,49,46.5,44.8,45.1,44.8,43.4,39.9,37.2,36.3,33.4,31.5,38.7,40.8,40,37.3,35.2,32.1,31.9,30.5
"Macao, China","Exports to major regions, share",Asia-Pacific (ESCAP),% of total merchandise exports,-,62.2,69.3,-,54.8,43.4,48.8,61.1,36.7,31.9,28.7,27.7,24.1,22.9,23.7,20.6,19.2,18.8,17.1,22,25.9,23.5,27.3,28.9,26.1,25.6,22.9
Mongolia,"Exports to major regions, share",Asia-Pacific (ESCAP),% of total merchandise exports,-,88.2,90.1,89.5,-,-,-,-,-,80.8,73.3,60.4,57.2,68,65.8,67.7,71.5,76.2,78.3,83.7,85.2,-,-,-,-,-,-
Republic of Korea,"Exports to major regions, share",Asia-Pacific (ESCAP),% of total merchandise exports,-,-,61.3,62.4,62.2,60.2,57.9,57.3,54.9,53.6,53.2,53,51.8,52.6,47.5,46.5,46.4,45,41.4,51.4,52.2,49.5,47.7,47.9,43.5,41.1,39.3
South-East Asia,"Exports to major regions, share",Asia-Pacific (ESCAP),% of total merchandise exports,-,-,68,68.9,69.2,69.3,68,67.1,66.6,65.5,63.5,64,61.8,60.8,57.6,56.5,56,53.1,51,56.2,59.8,58.9,57.6,56.4,55.5,58.6,63.2
Brunei Darussalam,"Exports to major regions, share",Asia-Pacific (ESCAP),% of total merchandise exports,-,90.9,89.1,99.6,98.7,-,-,-,-,-,93,-,92.3,91.8,91.4,91.9,-,-,86.6,93.5,-,-,96,96.6,96.1,-,-
Cambodia,"Exports to major regions, share",Asia-Pacific (ESCAP),% of total merchandise exports,-,-,78.2,40.5,41.5,37.2,41.9,49,28.6,22.1,23.9,25.7,27.6,22.8,29.4,21.1,27.6,-,-,-,-,-,-,-,-,-,-
Indonesia,"Exports to major regions, share",Asia-Pacific (ESCAP),% of total merchandise exports,-,-,67.6,70.6,71.3,70.9,69.3,68.4,68.4,68.1,67.1,66.7,64,63.5,61,60.2,60.9,59.1,57.2,60.3,60.5,60,59.2,59.9,61.8,65.3,66.9
Malaysia,"Exports to major regions, share",Asia-Pacific (ESCAP),% of total merchandise exports,-,69.6,71.2,72.1,71.5,69.7,68.3,67,65.1,61.7,59.5,60.1,59.6,59,57.8,56.9,56.7,52.4,51.8,57.1,58.6,56.1,55.8,55.8,57.6,60,60.8
Myanmar,"Exports to major regions, share",Asia-Pacific (ESCAP),% of total merchandise exports,-,-,-,-,-,-,95.5,-,-,-,-,-,-,-,-,-,-,-,-,-,-,-,-,-,85.5,-,-
Philippines,"Exports to major regions, share",Asia-Pacific (ESCAP),% of total merchandise exports,-,64,66.7,65.4,66.5,64.2,64.2,54.9,59.1,59.4,56.6,58.1,56.7,54,46.6,43.1,41.5,38.7,35.7,39,41.4,39.2,35.6,34.8,32.8,37.6,-
Singapore,"Exports to major regions, share",Asia-Pacific (ESCAP),% of total merchandise exports,-,73.2,73.4,72.9,72.4,71.8,71.6,71.3,71,70.2,68.9,67.5,66.1,65.1,60.8,59.5,57.2,55,52.8,57.5,59,58.5,57.2,53.3,49.7,51.4,50.2
Thailand,"Exports to major regions, share",Asia-Pacific (ESCAP),% of total merchandise exports,-,63.5,63.9,65.3,64.1,64.6,62.8,61.1,60.3,59.5,58.1,58.7,56.9,55.5,52.6,50.8,50.4,47.5,46.3,51.4,53.6,52.8,49.7,46.6,43.1,41.6,40.7
Timor-Leste,"Exports to major regions, share",Asia-Pacific (ESCAP),% of total merchandise exports,-,-,-,54.5,-,-,-,-,-,-,-,63.8,75.6,-,-,-,-,-,-,-,-,-,-,-,-,-,-
Viet Nam,"Exports to major regions, share",Asia-Pacific (ESCAP),% of total merchandise exports,-,-,48.6,50.4,53.4,52.2,50.1,48.4,52.1,50.7,52.2,54.7,52.4,51.3,53.2,57.1,61.7,54,41.1,59,-,-,-,-,-,-,-
South and South-West Asia,"Exports to major regions, share",Asia-Pacific (ESCAP),% of total merchandise exports,-,32.2,32.5,33.6,34,25,26.6,30.6,30.6,31.2,26.3,27,24,24.5,22.8,22.8,21.9,19.2,20.5,30.3,40.2,41.1,46.5,42.7,42.4,47,49.7
Afghanistan,"Exports to major regions, share",Asia-Pacific (ESCAP),% of total merchandise exports,-,89.3,69.6,70.7,70.5,88.5,88.5,88.9,90.8,-,-,-,-,-,-,-,-,-,-,-,-,-,-,-,-,-,-
Bangladesh,"Exports to major regions, share",Asia-Pacific (ESCAP),% of total merchandise exports,-,-,-,-,-,14.5,14,12.7,9.9,14.3,15.9,11.1,9.3,8.2,8.8,8.9,9.8,-,10.2,14,14.4,17.6,15.9,18,20.1,20.4,22.9
Bhutan,"Exports to major regions, share",Asia-Pacific (ESCAP),% of total merchandise exports,-,-,-,-,99,98.9,99.9,99.9,99.7,99.8,99.9,99.9,-,-,-,-,-,99.3,98.8,-,-,-,99.6,99.5,-,-,-
India,"Exports to major regions, share",Asia-Pacific (ESCAP),% of total merchandise exports,-,33,33,33.6,33,32.6,35.8,31.9,34.2,33.9,34.2,35.2,34.4,34.3,31.3,29.2,28.9,29.3,27.6,31.9,33.9,35.1,33.4,33.1,30.5,35.3,40.3
Iran (Islamic Rep. of),"Exports to major regions, share",Asia-Pacific (ESCAP),% of total merchandise exports,-,-,-,-,-,14.3,16.1,-,-,-,31.9,34.9,27.3,28.6,24,27.8,22.6,6,9.2,41.9,-,-,-,-,-,-,-
Maldives,"Exports to major regions, share",Asia-Pacific (ESCAP),% of total merchandise exports,-,-,48.9,55.6,48.9,42.1,60,51.2,67.3,68.2,64.2,50.9,45,50.9,47.3,40.6,35.8,44.3,51.9,52.6,52.3,37.1,-,-,-,-,-
Nepal,"Exports to major regions, share",Asia-Pacific (ESCAP),% of total merchandise exports,-,73.8,77.6,78.1,82,76.8,79.8,77.7,-,-,-,-,-,59.2,-,-,48.5,42.3,38.3,-,-,-,17.5,-,-,-,-
Pakistan,"Exports to major regions, share",Asia-Pacific (ESCAP),% of total merchandise exports,-,33.7,34,36.3,37,36.5,33.2,30.5,28.5,24.8,25.9,26.4,23,23.3,22.5,23.9,25.7,25.7,25.8,28.1,32.1,32.9,-,29.2,34.1,33.3,31.5
Sri Lanka,"Exports to major regions, share",Asia-Pacific (ESCAP),% of total merchandise exports,-,26.6,27.4,25.6,27.2,27.6,26.9,23,22.7,22.1,22.1,23.1,22.7,21.2,19,17,17.5,16.2,-,-,-,-,17.2,16.8,16.1,21.6,22.1
Turkey,"Exports to major regions, share",Asia-Pacific (ESCAP),% of total merchandise exports,-,14.7,16.8,18.4,20.7,17.4,16.6,14.1,14.3,12.6,11.3,10.1,9.5,10.1,9.7,9.6,9.4,9.1,12.6,18.4,17.7,15.3,17,16.6,13.9,14.6,13.3
North and Central Asia,"Exports to major regions, share",Asia-Pacific (ESCAP),% of total merchandise exports,-,30.5,28.5,27.8,26.6,25.1,24.8,26.7,23.3,22.7,21.7,21.7,23.3,23.8,22.9,22.9,20.8,20.1,21.5,23.7,22.4,-,-,-,-,-,-
Armenia,"Exports to major regions, share",Asia-Pacific (ESCAP),% of total merchandise exports,-,42.4,45.4,40.8,36.6,32.1,30.3,30.7,32.2,30.2,20.6,20.5,22.5,20.8,22.1,32.1,32.7,37.7,-,56.8,-,-,-,-,-,-,-
Azerbaijan,"Exports to major regions, share",Asia-Pacific (ESCAP),% of total merchandise exports,-,-,27.4,35.7,31,19.5,23.4,21.9,16.5,55.4,28.3,35.9,31.3,20,16.2,13,19.5,30.1,65.7,79.1,83.5,-,-,-,-,-,-
Georgia,"Exports to major regions, share",Asia-Pacific (ESCAP),% of total merchandise exports,-,49.5,57.5,57.1,53,52.9,50.6,50.8,46.3,45.9,51.5,59.3,69.3,62.7,62.7,66.9,61.8,58.2,63.4,72.1,75.8,-,-,-,-,-,-
Kazakhstan,"Exports to major regions, share",Asia-Pacific (ESCAP),% of total merchandise exports,-,29.6,32.1,33.1,35.2,36,33.4,33.1,31.6,35,30.7,28.5,34.9,37.8,36.2,37.7,36.7,37.1,48.8,56.9,65.7,63.2,-,-,-,-,-
Kyrgyzstan,"Exports to major regions, share",Asia-Pacific (ESCAP),% of total merchandise exports,-,45.7,-,51.5,60.5,45.2,40,48.9,56.6,70.6,66.7,55.2,47.2,41.1,50.2,43.8,53.6,49.5,49.8,-,86.4,82.7,-,-,-,-,-
Russian Federation,"Exports to major regions, share",Asia-Pacific (ESCAP),% of total merchandise exports,-,29.2,27.3,26,24.4,23,23.1,25.3,22.2,19.8,19.7,19.7,20.7,21.2,20.1,20,17.9,17.8,18.3,19.8,18,-,-,-,-,-,-
Tajikistan,"Exports to major regions, share",Asia-Pacific (ESCAP),% of total merchandise exports,-,-,-,-,-,-,-,-,-,-,-,-,-,-,-,-,53.5,-,-,-,-,-,-,-,-,-,-
Turkmenistan,"Exports to major regions, share",Asia-Pacific (ESCAP),% of total merchandise exports,-,-,-,-,-,-,-,-,-,-,-,-,-,-,-,-,64.8,43.6,74,53.4,-,-,-,-,-,-,-
Pacific,"Exports to major regions, share",Asia-Pacific (ESCAP),% of total merchandise exports,-,76.2,78.7,72.6,77.3,76.5,76.4,73.8,69.5,67,66.1,66.7,62.6,60.2,60.4,59.3,60,56.4,51.3,59.2,60.7,63.3,62.7,61.4,61.2,61.2,57.6
Australia,"Exports to major regions, share",Asia-Pacific (ESCAP),% of total merchandise exports,-,77,80,72.3,79.3,78.3,77.2,75,70.5,67.9,67,67.9,65.3,62.2,61.8,61.2,62.2,54.9,50.7,57.3,58.8,61.5,61.5,60.2,60,60.2,55.8
Cook Islands,"Exports to major regions, share",Asia-Pacific (ESCAP),% of total merchandise exports,-,-,-,-,-,88.5,93.3,96.1,96.2,-,-,88.4,81.3,67.3,86.9,85,90.2,-,-,-,-,-,-,-,-,-,-
Fiji,"Exports to major regions, share",Asia-Pacific (ESCAP),% of total merchandise exports,-,-,58.7,54,53,55.9,56.5,64.5,54,62.1,47,66,51.4,48.3,60.4,45.1,49.3,-,-,-,-,-,49.9,46.3,44.9,44.7,55.9
French Polynesia,"Exports to major regions, share",Asia-Pacific (ESCAP),% of total merchandise exports,-,-,67.4,63.3,64.2,59.4,61.7,67.1,64.2,74,68.6,65.8,63.7,66.3,71.2,60,65.9,61.3,51.2,52.1,62.3,-,-,-,-,-,-
Kiribati,"Exports to major regions, share",Asia-Pacific (ESCAP),% of total merchandise exports,-,-,-,66.5,32,27.8,61.5,65.3,77.1,75.6,-,52.7,-,-,-,-,-,76.7,79.9,82.5,80.7,87.3,81.6,34.4,81.7,57.4,33.7
Micronesia (F.S.),"Exports to major regions, share",Asia-Pacific (ESCAP),% of total merchandise exports,-,-,-,17.5,11.2,17.1,-,-,17.1,31.3,39.4,24.4,26.2,27.8,30.5,-,-,-,-,-,-,-,-,-,-,-,-
New Caledonia,"Exports to major regions, share",Asia-Pacific (ESCAP),% of total merchandise exports,-,75.3,58.8,54.9,50.4,52.9,44.2,41.9,33,43.1,41.5,45.2,47.4,41.3,36.5,39,44.2,41.9,-,-,-,-,-,-,-,-,-
New Zealand,"Exports to major regions, share",Asia-Pacific (ESCAP),% of total merchandise exports,-,61.1,64.8,67.2,65.4,64.9,65.2,61.9,60.1,58.5,56.6,56.1,56.7,56.4,55.6,56.2,57.7,56.3,55.7,60.1,61.2,61.4,59.9,57.9,57.7,56.8,55.1
Palau,"Exports to major regions, share",Asia-Pacific (ESCAP),% of total merchandise exports,-,27.6,46.9,-,93.3,-,-,-,-,-,-,-,-,-,-,-,-,-,-,-,-,-,-,-,-,-,-
Papua New Guinea,"Exports to major regions, share",Asia-Pacific (ESCAP),% of total merchandise exports,-,-,-,-,74.6,75.7,-,-,-,-,-,-,28.6,29.9,48.6,23.4,16.4,-,20.7,-,-,-,-,-,-,-,-
Samoa,"Exports to major regions, share",Asia-Pacific (ESCAP),% of total merchandise exports,-,-,90.9,67.5,71.6,78.3,81.6,95.8,97.3,95.9,92.9,92.1,90.8,89.2,93.6,67.3,-,-,-,-,-,-,-,-,-,-,-
Solomon Islands,"Exports to major regions, share",Asia-Pacific (ESCAP),% of total merchandise exports,-,82.6,82.8,82,85.3,83.6,81.8,77.5,86.9,86.3,83.5,95.6,70,66,58.4,-,-,-,-,-,-,-,-,-,-,-,-
Tonga,"Exports to major regions, share",Asia-Pacific (ESCAP),% of total merchandise exports,-,-,70.6,67.4,83.3,78.7,82.2,83.9,74.2,65.9,74,73.5,78.4,60.9,66.2,91.9,72,-,-,-,-,-,-,-,-,-,-
Tuvalu,"Exports to major regions, share",Asia-Pacific (ESCAP),% of total merchandise exports,-,-,-,-,-,-,-,-,-,-,-,100,99.7,100,98.4,-,-,-,-,-,-,-,-,-,-,-,-
Vanuatu,"Exports to major regions, share",Asia-Pacific (ESCAP),% of total merchandise exports,-,-,-,-,-,90,83,69.1,-,52.8,50.6,-,-,-,-,-,72.5,-,-,-,-,-,61.8,61.8,-,48.7,44.4
ESCAP Aggregates,"Exports to major regions, share",Asia-Pacific (ESCAP),% of total merchandise exports,-,57.5,54.2,54.7,54.3,52,51.8,51.8,49.6,49.6,48.2,48.8,48.8,48.6,46.7,45.5,44.6,42.6,41.4,47.5,49.5,51.7,50.6,48.8,48.2,64.8,67
LLDC,"Exports to major regions, share",Asia-Pacific (ESCAP),% of total merchandise exports,-,-,37.6,38.3,39,36.5,36.5,38.1,29.9,44.4,38,-,-,-,-,-,46.1,-,-,-,-,-,-,-,-,-,-
LDC,"Exports to major regions, share",Asia-Pacific (ESCAP),% of total merchandise exports,-,-,-,-,-,45.8,40.8,44.4,34.3,-,37.9,36.6,37.2,37.3,45.1,43.5,39.9,-,48.3,-,-,-,78.3,-,79.2,-,-
ASEAN,"Exports to major regions, share",Asia-Pacific (ESCAP),% of total merchandise exports,-,-,68,68.9,69.2,69.3,68,67.1,66.6,65.5,63.4,64,61.8,60.8,57.6,56.5,56,53.1,50.9,56.2,59.8,58.9,57.6,56.4,55.4,58.5,63.1
ECO,"Exports to major regions, share",Asia-Pacific (ESCAP),% of total merchandise exports,-,30.9,30.9,33.1,-,22.3,22.1,31.6,27.8,33,23.9,24.5,21.9,22.9,21.7,23.3,22.3,14.9,19.6,33.5,52.1,53.1,-,-,-,-,-
SAARC,"Exports to major regions, share",Asia-Pacific (ESCAP),% of total merchandise exports,-,34.4,34.2,34.8,34.5,31.7,34.1,30.6,32.1,31.9,32.3,32.7,31.4,30.9,28.9,27.4,27,29.9,28.1,32.4,34.8,36.2,39.2,31.8,31.5,35.3,38.6
Low income economies,"Exports to major regions, share",Asia-Pacific (ESCAP),% of total merchandise exports,-,81,74.5,75.4,78.2,80.2,82.4,81.2,-,-,-,-,-,-,-,-,-,-,-,-,-,-,-,-,-,-,-
Lower middle income economies,"Exports to major regions, share",Asia-Pacific (ESCAP),% of total merchandise exports,-,-,49.8,50.2,51.8,49.3,50.3,47.1,49,48.7,48.5,49.1,47.3,47,45,44,44.8,44.8,41.8,47.8,53,53.8,57,53.8,54.2,59.5,72.2
Upper middle income economies,"Exports to major regions, share",Asia-Pacific (ESCAP),% of total merchandise exports,-,47.3,47.1,47.5,45.9,42.6,42.4,44.2,41.8,42.8,40.9,41.8,42.7,43.6,43.7,43.5,42.8,41.2,41.9,47.3,49.2,63.1,-,-,-,-,-
High income economies,"Exports to major regions, share",Asia-Pacific (ESCAP),% of total merchandise exports,-,66.1,65.8,65.9,65.6,64.8,63.2,61.7,59,57.2,55.5,55.2,53.8,52.6,48.9,46.9,45.5,42.8,41,47.5,49.1,47.6,45.4,43.3,40.3,50.2,49.6
World Aggregates,"Exports to major regions, share",Asia-Pacific (ESCAP),% of total merchandise exports,-,34.5,32.5,32.4,32.2,31,30.4,28.9,27.1,27.4,27,26.9,25.4,25.3,23.7,22.9,23.3,21.8,21.3,25.7,26.1,26.7,26.2,25.7,23.7,26.2,27.9
Africa,"Exports to major regions, share",Asia-Pacific (ESCAP),% of total merchandise exports,-,-,24.9,21.6,20.7,19.8,18.7,18.1,18.4,16.7,19,24.2,24.6,21.4,22.5,21.9,20.4,-,-,-,-,-,-,-,-,-,-
Europe,"Exports to major regions, share",Asia-Pacific (ESCAP),% of total merchandise exports,-,15.1,15.6,16.6,16.1,14.9,14.1,12.9,12.5,12,11.6,11.5,11.3,10.7,10.3,9.9,10,9,9.7,12.1,12.1,11.8,11.8,12.2,10.6,11,14.2
Latin America and Caribbean,"Exports to major regions, share",Asia-Pacific (ESCAP),% of total merchandise exports,-,18.7,19.4,17.9,17.1,16.9,16.5,15,11.9,13.3,10.6,10.2,9.3,9.3,7.9,7.4,6.5,6.9,7.3,9,9.7,10.6,9.7,9.7,10.5,15,16.2
North America,"Exports to major regions, share",Asia-Pacific (ESCAP),% of total merchandise exports,-,23.6,23.3,23.8,23.7,24,23.8,22.9,21.3,21.2,20.8,20,20.5,20.8,20.2,19.7,20.1,19.7,20.2,23.5,25.2,25.6,23.6,23.6,23.6,24.2,24.5
Other countries or areas,"Exports to major regions, share",Asia-Pacific (ESCAP),% of total merchandise exports,-,-,32.2,28.2,29.7,32.6,32.4,34.7,30.3,42.4,46.4,49.3,33.3,43.5,34.4,33.4,35.7,39,39.4,-,39.8,42.4,40.3,34.4,31.8,29.5,-
East and North-East Asia,"Exports to major regions, share",Africa,% of total merchandise exports,-,3.5,3.3,3,3,2.9,2.8,2.9,2.7,2.3,2.1,1.9,1.8,1.6,1.5,1.6,1.4,1.6,1.8,1.6,1.6,1.7,1.8,1.9,2,3.1,2.9
China,"Exports to major regions, share",Africa,% of total merchandise exports,-,4.8,4.5,4.2,4.2,3.8,3.8,4,3.6,3.1,2.7,2.4,2.3,2.3,2.1,2.2,2,2.1,2.2,1.7,1.7,1.7,1.4,1.6,1.5,-,-
"Hong Kong, China","Exports to major regions, share",Africa,% of total merchandise exports,-,0.9,0.7,0.6,0.5,0.6,0.6,0.6,0.6,0.6,0.6,0.6,0.7,0.6,0.6,0.8,0.9,1,1.1,1.1,1.3,1.4,1.3,1.5,1.9,-,-
Japan,"Exports to major regions, share",Africa,% of total merchandise exports,-,1.4,1.5,1.6,1.6,1.6,1.6,1.6,1.7,1.6,1.4,1.4,1.3,1.2,1.2,1.1,1,1.3,1.5,1.3,1.4,1.7,1.7,2,1.9,1.8,1.9
"Macao, China","Exports to major regions, share",Africa,% of total merchandise exports,-,0,0.1,-,0.1,0.1,0.2,0.1,0.1,0.1,0,0,0.1,0,0,0.1,0,0.1,0.2,0.1,0.1,0.1,0.1,0,0.1,0.1,0.4
Mongolia,"Exports to major regions, share",Africa,% of total merchandise exports,-,0,0,0.1,-,-,-,-,-,0,0,0,0,0.3,0,-,0,-,0,0,-,-,-,-,-,-,-
Republic of Korea,"Exports to major regions, share",Africa,% of total merchandise exports,-,-,2.6,2.7,2.6,3.3,3.3,3.6,3.1,3,3.1,2.8,2.9,2.1,2.4,2.6,1.9,2.5,3,2.8,2.6,2.4,3.3,2.4,3.4,3.9,1.9
South-East Asia,"Exports to major regions, share",Africa,% of total merchandise exports,-,-,2.6,2.5,2.5,2.6,2.4,2.4,2.3,1.8,1.5,1.5,1.4,1.4,1.4,1.3,1.2,1.3,1.5,1.2,1.2,1.4,1.4,1.6,1.7,1.8,1.7
Brunei Darussalam,"Exports to major regions, share",Africa,% of total merchandise exports,-,0,0,0,0,-,-,-,-,-,0,-,0,0,0,0,-,-,0,0,-,-,-,-,-,-,-
Cambodia,"Exports to major regions, share",Africa,% of total merchandise exports,-,-,0.3,0.7,0.4,0.2,0.2,0.1,0.2,0.2,0.1,0,0.1,0.1,0,0,0,-,-,-,-,-,-,-,-,-,-
Indonesia,"Exports to major regions, share",Africa,% of total merchandise exports,-,-,3.5,3.1,3,2.8,2.3,2.3,2.4,2.2,2,1.9,1.9,2,2.1,2.1,1.8,2.2,1.9,1.4,1.3,1.4,1.5,1.3,1.2,1.4,0.8
Malaysia,"Exports to major regions, share",Africa,% of total merchandise exports,-,2.6,2.5,2.4,2.4,2.6,2.5,2.2,2,1.7,1.4,1.4,1.2,1.3,1.1,0.9,0.8,1,1.2,1,1,1.1,1,1,0.9,0.8,0.8
Myanmar,"Exports to major regions, share",Africa,% of total merchandise exports,-,-,-,-,-,-,1.4,-,-,-,-,-,-,-,-,-,-,-,-,-,-,-,-,-,5.3,-,-
Philippines,"Exports to major regions, share",Africa,% of total merchandise exports,-,1.3,0.6,1.1,0.4,0.5,0.4,0.4,0.4,0.4,0.3,0.2,0.2,0.3,0.2,0.2,0.1,0.2,0.2,0.2,0.3,0.3,0.4,0.4,0.3,0.3,-
Singapore,"Exports to major regions, share",Africa,% of total merchandise exports,-,1.8,2.1,2.1,2.1,2.2,2,1.8,1.9,1.4,1.3,1.1,1.1,1.1,1.2,1.1,1.3,1.2,1.3,1.2,1.2,1.3,1.5,1.8,2.1,2.2,2.1
Thailand,"Exports to major regions, share",Africa,% of total merchandise exports,-,3.2,3.7,3.5,3.6,3.4,3.5,4.2,3.8,3,2.6,2.6,2.6,2,2.1,2.3,1.9,2,2,1.7,1.7,2.1,2.2,2.6,2.5,2.8,2.5
Timor-Leste,"Exports to major regions, share",Africa,% of total merchandise exports,-,-,-,10.5,-,-,-,-,-,-,-,1.5,0.4,-,-,-,-,-,-,-,-,-,-,-,-,-,-
Viet Nam,"Exports to major regions, share",Africa,% of total merchandise exports,-,-,2,2.2,2.1,3.6,2.5,2.7,2,1.4,1.5,2,1.6,1,0.8,1.2,1,1.2,3.4,0.6,-,-,-,-,-,-,-
South and South-West Asia,"Exports to major regions, share",Africa,% of total merchandise exports,-,10.1,10.8,10.5,9.9,6.4,6.8,8.8,8.2,7.8,6.1,4.4,5.4,5.1,4.9,5.5,5.2,4.3,5.1,5.4,6.6,6.9,7,6.4,6.9,7.3,7.1
Afghanistan,"Exports to major regions, share",Africa,% of total merchandise exports,-,0,-,-,-,0.4,1,0.9,0.3,-,-,-,-,-,-,-,-,-,-,-,-,-,-,-,-,-,-
Bangladesh,"Exports to major regions, share",Africa,% of total merchandise exports,-,-,-,-,-,1,1.1,1.3,1.2,0.9,0.8,1.1,1.2,0.9,1,0.8,0.7,-,1.1,1.6,1.9,2.6,2.2,3.7,3.1,3.7,3.7
Bhutan,"Exports to major regions, share",Africa,% of total merchandise exports,-,-,-,-,-,-,-,0,-,0,-,-,-,-,-,-,-,-,-,-,-,-,-,-,-,-,-
India,"Exports to major regions, share",Africa,% of total merchandise exports,-,9.7,10.9,10.1,9.4,7.7,8.1,7.5,8.5,8.5,7.8,6.7,6.3,6.1,6,6.4,5.2,5.1,6.2,5.5,4.7,5.2,3.7,3.7,3.8,3.1,2.5
Iran (Islamic Rep. of),"Exports to major regions, share",Africa,% of total merchandise exports,-,-,-,-,-,3.6,3.5,-,-,-,5.4,0.2,5.6,5.7,4.3,6.4,7.2,0.6,0.3,6.7,-,-,-,-,-,-,-
Maldives,"Exports to major regions, share",Africa,% of total merchandise exports,-,-,0,0,0,0.2,0.5,2.5,0.1,0.1,0.5,0.9,0.1,-,0,0,-,-,-,-,-,0,-,-,-,-,-
Nepal,"Exports to major regions, share",Africa,% of total merchandise exports,-,0.1,0.5,0.4,0.5,0.2,0.1,0.8,-,-,-,-,-,0.4,-,-,0,0,0,-,-,-,0,-,-,-,-
Pakistan,"Exports to major regions, share",Africa,% of total merchandise exports,-,7.2,7.5,7.5,6.5,6.7,6.5,7.3,6.8,5.5,5.7,5.7,6.3,4.7,4.9,5.4,4.9,4.8,5.1,5.5,4.6,4.4,-,3.6,4,4.3,4.2
Sri Lanka,"Exports to major regions, share",Africa,% of total merchandise exports,-,2.6,2.2,2.1,2.4,1.9,1.6,1.5,1.4,1.4,1.3,1.4,1.1,1.8,1.2,1.8,1.7,1.6,-,-,-,-,2.8,2.3,2.8,4.2,5.5
Turkey,"Exports to major regions, share",Africa,% of total merchandise exports,-,8.7,8.7,9.3,8.8,7.7,8.2,10,6.9,5.6,5.3,4.9,4.7,4.5,4.7,4.9,4.9,6.2,6.7,4.7,5,4.9,4.7,4.6,5.3,6,5.8
North and Central Asia,"Exports to major regions, share",Africa,% of total merchandise exports,-,2,1.5,1.2,1.6,1.4,1.1,1.5,1.2,1.1,0.9,1,1.1,0.9,1.2,1.1,1,1.4,1.4,0.9,0.7,-,-,-,-,-,-
Armenia,"Exports to major regions, share",Africa,% of total merchandise exports,-,0.1,0.2,0.1,0,0.1,0.1,0.2,0,0.1,0,0.1,0.1,0.1,0.2,0,0,0,-,0,-,-,-,-,-,-,-
Azerbaijan,"Exports to major regions, share",Africa,% of total merchandise exports,-,-,2.5,2,1.8,1,1.5,1.3,0.4,0,0.2,0.9,0.3,0.1,0.2,1.4,0.6,1.2,0.3,0,-,-,-,-,-,-,-
Georgia,"Exports to major regions, share",Africa,% of total merchandise exports,-,0.8,0.9,1.4,1.7,0.4,1.3,0.8,0.1,0.4,1.4,1.6,0.4,0,0.8,0.1,1.2,3.9,0.2,0.1,0,-,-,-,-,-,-
Kazakhstan,"Exports to major regions, share",Africa,% of total merchandise exports,-,0.2,0.2,0.1,0.2,0.2,0.3,0.1,1,0.6,0.2,0.1,0.1,0.2,0.5,0.1,0.2,0.5,0.8,0.4,0.1,0.2,-,-,-,-,-
Kyrgyzstan,"Exports to major regions, share",Africa,% of total merchandise exports,-,0,-,0.2,0,0,0,0.2,0,0,0,0,0,0,0,0,0.4,0.1,0,-,-,-,-,-,-,-,-
Russian Federation,"Exports to major regions, share",Africa,% of total merchandise exports,-,2.1,1.7,1.4,1.8,1.6,1.2,1.7,1.3,1.2,1,1.1,1.2,1,1.3,1.1,1.1,1.5,1.4,0.9,0.7,-,-,-,-,-,-
Tajikistan,"Exports to major regions, share",Africa,% of total merchandise exports,-,-,-,-,-,-,-,-,-,-,-,-,-,-,-,-,0.2,-,-,-,-,-,-,-,-,-,-
Turkmenistan,"Exports to major regions, share",Africa,% of total merchandise exports,-,-,-,-,-,-,-,-,-,-,-,-,-,-,-,-,0.2,0.1,0.2,0.3,-,-,-,-,-,-,-
Pacific,"Exports to major regions, share",Africa,% of total merchandise exports,-,1.7,1.6,1.3,1.7,1.7,1.8,1.9,2.2,2.5,2.5,2.4,2.6,2.1,2.4,2.3,2.1,1.4,1.5,1.3,1.3,1.2,1.1,1.1,1,1.2,1.4
Australia,"Exports to major regions, share",Africa,% of total merchandise exports,-,1.3,1.2,1,1.4,1.4,1.6,1.7,2,2.4,2.5,2.5,2.9,2.2,2.6,2.5,2.3,1.4,1.5,1.3,1.2,1.1,1,0.9,0.8,1.1,1.4
Cook Islands,"Exports to major regions, share",Africa,% of total merchandise exports,-,-,-,-,-,0.6,2.5,-,-,-,-,-,0.1,0,-,-,-,-,-,-,-,-,-,-,-,-,-
Fiji,"Exports to major regions, share",Africa,% of total merchandise exports,-,-,0.2,0.1,0.3,0.4,0.7,0.3,0.2,0.2,0.1,0.1,0.4,0.1,0.1,0,0,-,-,-,-,-,0.1,0,0,0,0
French Polynesia,"Exports to major regions, share",Africa,% of total merchandise exports,-,-,0,0.1,0.1,0.1,0.1,0.1,0.6,0,0,0,0,0,0,0,0,0,0,0,-,-,-,-,-,-,-
Kiribati,"Exports to major regions, share",Africa,% of total merchandise exports,-,-,-,25.7,47,14.1,-,-,-,-,-,-,-,-,-,-,-,-,-,-,-,-,-,-,-,-,-
New Caledonia,"Exports to major regions, share",Africa,% of total merchandise exports,-,0.2,2.7,2.5,3,1.9,2.3,1.1,3.1,4.6,3,2.9,4.4,3.7,0.6,0,0,0.5,-,-,-,-,-,-,-,-,-
New Zealand,"Exports to major regions, share",Africa,% of total merchandise exports,-,4,4.2,3.6,3.9,3.9,3.2,3.3,3.5,2.9,2.7,2.1,1.7,1.6,1.7,1.5,1.4,1.6,1.6,1.4,1.5,1.3,1.4,1.8,1.5,1.7,1.4
Papua New Guinea,"Exports to major regions, share",Africa,% of total merchandise exports,-,-,-,-,0,0.1,-,-,-,-,-,-,0.2,0.8,0.1,0.5,0.2,-,0.4,-,-,-,-,-,-,-,-
Samoa,"Exports to major regions, share",Africa,% of total merchandise exports,-,-,0,0,0,0,-,-,0,0,0.1,0,0,0,0.1,0,-,-,-,-,-,-,-,-,-,-,-
Solomon Islands,"Exports to major regions, share",Africa,% of total merchandise exports,-,-,-,0.1,0,0,-,0.1,-,0.6,-,-,-,-,-,-,-,-,-,-,-,-,-,-,-,-,-
Tonga,"Exports to major regions, share",Africa,% of total merchandise exports,-,-,0,0,0,0,0,-,-,-,-,-,-,-,-,-,-,-,-,-,-,-,-,-,-,-,-
Vanuatu,"Exports to major regions, share",Africa,% of total merchandise exports,-,-,-,-,-,0,0,0.2,-,0.5,0.3,-,-,-,-,-,0,-,-,-,-,-,0.1,4.5,-,-,-
ESCAP Aggregates,"Exports to major regions, share",Africa,% of total merchandise exports,-,3.8,3.5,3.3,3.2,3,2.9,3.1,2.8,2.5,2.2,2,2,1.8,1.7,1.8,1.6,1.7,1.9,1.7,1.7,1.9,2,2.1,2.2,3,2.9
LLDC,"Exports to major regions, share",Africa,% of total merchandise exports,-,-,0.6,0.5,0.5,0.4,0.6,0.4,0.7,0.5,0.2,-,-,-,-,-,0.3,-,-,-,-,-,-,-,-,-,-
LDC,"Exports to major regions, share",Africa,% of total merchandise exports,-,-,-,-,-,1.1,1,1.3,1.2,-,0.9,1.2,1.2,1.1,1.2,1.2,1,-,1.6,-,-,-,3,-,3.7,-,-
ASEAN,"Exports to major regions, share",Africa,% of total merchandise exports,-,-,2.6,2.5,2.5,2.6,2.4,2.4,2.3,1.8,1.5,1.5,1.4,1.4,1.4,1.3,1.2,1.3,1.5,1.2,1.2,1.4,1.4,1.6,1.7,1.8,1.7
ECO,"Exports to major regions, share",Africa,% of total merchandise exports,-,8.7,7.4,7.4,-,4.2,4.7,8.3,5.3,5.8,4.3,2.6,4.4,4.3,4,4.7,4.9,3.5,4.2,4.9,7.2,7.6,-,-,-,-,-
SAARC,"Exports to major regions, share",Africa,% of total merchandise exports,-,9.3,10.4,9.8,9,7,7.2,6.8,7.5,7.4,6.8,5.9,5.6,5.2,5.1,5.4,4.4,4.8,5.6,5.3,4.7,5.1,4.4,3.6,3.8,3.5,3.1
Low income economies,"Exports to major regions, share",Africa,% of total merchandise exports,-,0.1,-,-,-,0.2,0.4,-,-,-,-,-,-,-,-,-,-,-,-,-,-,-,-,-,-,-,-
Lower middle income economies,"Exports to major regions, share",Africa,% of total merchandise exports,-,-,6.2,6,5.4,4.8,4.5,4.4,4.5,4.2,3.8,3.4,3.1,2.9,2.8,2.9,2.2,2.5,2.9,2.5,2.5,2.8,2.5,2.2,2.3,2.3,2.2
Upper middle income economies,"Exports to major regions, share",Africa,% of total merchandise exports,-,4.5,4.1,3.8,3.8,3.4,3.4,3.9,3.2,2.8,2.5,2.1,2.3,2.2,2.1,2.1,2,1.9,2.1,1.8,1.8,2.4,-,-,-,-,-
High income economies,"Exports to major regions, share",Africa,% of total merchandise exports,-,1.7,1.7,1.7,1.7,1.9,1.9,1.9,1.9,1.8,1.6,1.5,1.5,1.3,1.4,1.4,1.3,1.4,1.6,1.5,1.5,1.6,1.8,1.9,2,2.5,2.3
World Aggregates,"Exports to major regions, share",Africa,% of total merchandise exports,-,3.7,3.5,3.4,3.4,3.2,3.2,3.3,2.9,2.7,2.6,2.5,2.3,2.3,2.3,2.3,2.1,2.3,2.5,2.3,2.4,2.6,2.6,2.9,3,3.3,3.8
Africa,"Exports to major regions, share",Africa,% of total merchandise exports,-,-,19.7,19,17.1,16.6,16.2,16.2,13.6,11.9,15.4,18.5,19.1,16.8,18.4,15.9,15,-,-,-,-,-,-,-,-,-,-
Europe,"Exports to major regions, share",Africa,% of total merchandise exports,-,3.2,3.3,3.3,3.3,3.1,3.2,3.2,2.9,2.6,2.5,2.5,2.5,2.5,2.4,2.5,2.4,2.5,2.7,2.6,2.6,2.8,2.9,3.2,3.2,3.4,4.1
Latin America and Caribbean,"Exports to major regions, share",Africa,% of total merchandise exports,-,1.8,1.9,1.8,2,2,1.8,2,2,2,1.7,1.7,1.5,1.2,1.2,1.1,0.8,1,1.2,1.2,1.3,1.3,1.2,1.2,1.6,2.2,2.3
North America,"Exports to major regions, share",Africa,% of total merchandise exports,-,1.6,2,1.9,1.8,1.9,1.9,2,1.9,1.7,1.5,1.4,1.3,1.2,1.2,1.3,1.1,1.2,1.4,1.4,1.4,1.4,1.5,1.7,1.8,1.8,1.7
Other countries or areas,"Exports to major regions, share",Africa,% of total merchandise exports,-,-,2.8,2.7,2.8,2.1,2,2.3,2,2.8,2.7,2.9,1.9,2.5,2.2,2.2,2,2.3,2.1,-,1.7,1.7,1.6,1.8,1.8,1.8,-
East and North-East Asia,"Exports to major regions, share",Europe,% of total merchandise exports,-,13.7,13.7,13.2,13.9,15.9,16.5,17.2,18.2,18.1,17.7,17.4,17.1,16.9,15.9,16.6,16.9,18.2,18.8,16.2,15.8,16.1,15.8,17,18.5,29.1,30
China,"Exports to major regions, share",Europe,% of total merchandise exports,-,16.1,16.4,16.1,17.2,19.7,20.7,20.6,21.7,21.3,20.6,20,19.1,18.8,16.9,17.4,17.1,17.2,17,14.6,14.6,14.2,14.1,14.7,10.4,-,-
"Hong Kong, China","Exports to major regions, share",Europe,% of total merchandise exports,-,9.4,9.5,8.9,9.7,11.2,12.4,14.9,14.9,14.7,15.5,15.5,15,15.3,14.7,15.8,16.6,17.4,17.3,16,16.1,16.2,16.4,17.4,18.4,-,-
Japan,"Exports to major regions, share",Europe,% of total merchandise exports,-,11.2,11.1,10.8,11,13.1,12.6,13.8,15.2,15.6,15.3,15.4,16.4,16.7,15.9,17.2,17.6,19.2,19.9,16.9,16.5,16.9,16.7,18,21.4,22.1,22.2
"Macao, China","Exports to major regions, share",Europe,% of total merchandise exports,-,0.8,1.6,-,2.6,4.6,5.7,8.3,10,18.4,19.6,17.2,21.8,23.1,23.5,27,28.8,30.6,31,31.7,32.6,32,32.7,34.8,36.5,40.8,38.5
Mongolia,"Exports to major regions, share",Europe,% of total merchandise exports,-,11,9.2,6.9,-,-,-,-,-,6,7.8,13.5,22.5,7.9,5.6,9.9,8.2,10.2,10.8,9.6,13.8,-,-,-,-,-,-
Republic of Korea,"Exports to major regions, share",Europe,% of total merchandise exports,-,-,9.6,9.3,9.6,10.7,12.5,13.5,15,15.9,16,16.3,15.7,14.9,15.5,14.9,15.2,17.2,20.1,16.1,14.4,15.1,13.2,13.5,14.3,16.5,16.4
South-East Asia,"Exports to major regions, share",Europe,% of total merchandise exports,-,-,11,10.6,11,11.7,12.2,12.9,12.9,13.4,13.4,13.4,14.2,14.4,14.9,15.8,15.6,17.2,18.3,15.9,15.9,16.2,16.3,17.5,18.6,18.9,20.3
Brunei Darussalam,"Exports to major regions, share",Europe,% of total merchandise exports,-,0.3,2.8,0.1,0.3,-,-,-,-,-,0.2,-,0.6,0.3,0.6,0.4,-,-,2.2,1.2,-,-,0,0,0,-,-
Cambodia,"Exports to major regions, share",Europe,% of total merchandise exports,-,-,38.1,27.7,24.7,23.3,17.3,14.8,17.9,19.5,18.7,17.3,21.7,20.6,19.3,21.9,17.2,-,-,-,-,-,-,-,-,-,-
Indonesia,"Exports to major regions, share",Europe,% of total merchandise exports,-,-,10,9.7,9.9,10.5,11.4,12.2,12.1,12.4,12.5,12.5,13.2,14.1,14.7,14.6,14.7,15.4,16.9,15.8,16.2,15.6,15.6,15.2,15,13.7,12.5
Malaysia,"Exports to major regions, share",Europe,% of total merchandise exports,-,10.5,9.9,9.4,9.3,10.7,11.1,11.6,12.1,13.3,13.2,12.1,12.9,12.9,13,14.5,14.3,16.3,16.9,14.9,14.2,14.6,14.7,15.4,15.7,15.7,15.9
Myanmar,"Exports to major regions, share",Europe,% of total merchandise exports,-,-,-,-,-,-,1.2,-,-,-,-,-,-,-,-,-,-,-,-,-,-,-,-,-,4.4,-,-
Philippines,"Exports to major regions, share",Europe,% of total merchandise exports,-,12.7,11.3,12.1,12.2,13,14.7,20.9,17.5,17.2,18.5,17.1,17.3,16.7,18.6,19.7,18.3,19.9,20.8,18.5,17.9,17.9,17.9,18.1,19.8,19.5,-
Singapore,"Exports to major regions, share",Europe,% of total merchandise exports,-,8.9,8.6,8.6,9.8,10.2,10.5,10.3,10.8,11.3,11.8,12.6,13.5,13.2,13.9,14.7,14.5,16.1,17.6,14.8,14,14.4,14.6,16,17.1,16.3,16.7
Thailand,"Exports to major regions, share",Europe,% of total merchandise exports,-,11.6,11.4,10.7,12.1,13,13.5,14.3,14.6,15.1,14.9,14.4,15.9,16.6,16.6,17.9,17.3,18.4,20,17.8,17.5,17.6,17.8,20,23.1,24.8,24.9
Timor-Leste,"Exports to major regions, share",Europe,% of total merchandise exports,-,-,-,19.4,-,-,-,-,-,-,-,7.7,17.1,-,-,-,-,-,-,-,-,-,-,-,-,-,-
Viet Nam,"Exports to major regions, share",Europe,% of total merchandise exports,-,-,19,18.9,18.4,18.6,19.8,21.3,18.9,19.6,18.6,17.7,19.6,20.7,20.7,22.1,22.1,25.7,28.9,22.7,-,-,-,-,-,-,-
South and South-West Asia,"Exports to major regions, share",Europe,% of total merchandise exports,-,38.7,35.4,34.1,34.8,28.1,29.8,39.8,41.6,45.7,36.9,40.2,38.4,38.1,35.9,38,38.7,35.3,37.6,42.3,53.6,55.7,61.6,56.9,60.1,63,64.8
Afghanistan,"Exports to major regions, share",Europe,% of total merchandise exports,-,2.3,3,1.8,0.4,4.5,5,1.1,2.6,-,-,-,-,-,-,-,-,-,-,-,-,-,-,-,-,-,-
Bangladesh,"Exports to major regions, share",Europe,% of total merchandise exports,-,-,-,-,-,54.4,51.6,52.4,48.4,51.8,49.8,51.9,56.7,56.1,47.6,45.1,45.5,-,44.2,45.8,46.5,39.8,41,36.3,37,41.9,36.1
Bhutan,"Exports to major regions, share",Europe,% of total merchandise exports,-,-,-,-,0.9,1.1,0.1,0,0.2,0.1,0.1,0.1,-,-,-,-,-,0.1,0.4,-,-,-,0,0.1,-,-,-
India,"Exports to major regions, share",Europe,% of total merchandise exports,-,18,17.1,17.5,17.6,18.9,19.9,21.5,22.5,22.5,22.2,23.5,23.2,24,23.7,24.9,25.6,27.5,29.1,28.4,28,29.5,30.1,30,32.2,31.6,32.1
Iran (Islamic Rep. of),"Exports to major regions, share",Europe,% of total merchandise exports,-,-,-,-,-,20.2,21.5,-,-,-,31.9,45,30.1,30.4,26.7,37.2,40.8,5,7.6,45.4,-,-,-,-,-,-,-
Maldives,"Exports to major regions, share",Europe,% of total merchandise exports,-,-,39.5,37.9,45.4,49.5,35.5,43,31,29.3,24.6,18.1,14.6,15.7,14,17.1,18.6,17.4,26.4,26.2,33.9,38.7,-,-,-,-,-
Nepal,"Exports to major regions, share",Europe,% of total merchandise exports,-,13.4,11.5,11.6,9.2,12.5,11.7,11.6,-,-,-,-,-,10.1,-,-,23.6,30,34.8,-,-,-,71.8,-,-,-,-
Pakistan,"Exports to major regions, share",Europe,% of total merchandise exports,-,30.5,29.8,25.6,22.2,25.7,25,25.1,26.4,27.5,27.5,27.5,30.8,29.4,28.5,28.2,28.3,30.7,32.2,32.6,31.5,32,-,33.7,31.9,35.6,39.6
Sri Lanka,"Exports to major regions, share",Europe,% of total merchandise exports,-,30.6,33.2,35,36.1,37.5,36.8,40.1,38.9,39.1,35.5,32.3,33.5,31.2,31.2,28.6,29.7,31.1,-,-,-,-,33.4,33.5,35.3,30,28.9
Turkey,"Exports to major regions, share",Europe,% of total merchandise exports,-,51.1,48.6,46.3,43.9,51.4,52.2,54,55,62,61.6,61,62.1,62.2,60.6,59.7,61,62.3,59.1,55.9,58.6,60.5,55.3,57.4,61.6,61.1,62.8
North and Central Asia,"Exports to major regions, share",Europe,% of total merchandise exports,-,50.8,53.8,54.8,56.3,56,57,64.2,68.3,61.1,71.9,71,68.1,66.6,66.2,66.6,66.2,64.6,66.1,64.4,58.1,-,-,-,-,-,-
Armenia,"Exports to major regions, share",Europe,% of total merchandise exports,-,33.3,32.5,38.4,45.8,50,53.1,51.8,58.3,59,56.8,52.7,44,45.7,41.2,39.1,46,52.1,-,31.7,-,-,-,-,-,-,-
Azerbaijan,"Exports to major regions, share",Europe,% of total merchandise exports,-,-,54.1,49.4,48.8,67.2,55.5,46.3,58.2,29.6,58.4,56.9,58.1,71.3,73.1,76.4,70.8,55.6,30.8,19.6,15.2,-,-,-,-,-,-
Georgia,"Exports to major regions, share",Europe,% of total merchandise exports,-,35,28.7,29.5,24.4,27.7,27.1,30,32.2,30.4,32.3,30.1,25.5,32.5,31.1,29.1,32.1,30.4,29.8,22.8,23.4,-,-,-,-,-,-
Kazakhstan,"Exports to major regions, share",Europe,% of total merchandise exports,-,67.7,64.3,62.1,58.7,57.4,57.3,58.6,62.3,59.7,64.7,62.4,56.4,36.5,33.4,36.5,34,36.2,47.6,39.1,31.8,34.1,-,-,-,-,-
Kyrgyzstan,"Exports to major regions, share",Europe,% of total merchandise exports,-,44.6,-,34.4,37.1,46.9,32.4,41.8,39.7,27.3,31.2,15.1,19.8,27.4,28.1,54.1,45.1,47.6,48.5,-,9.9,16,-,-,-,-,-
Russian Federation,"Exports to major regions, share",Europe,% of total merchandise exports,-,46.9,52,54,56.3,55.2,57.1,65.9,70.4,61.8,73.1,72.4,69.7,69.2,68.7,68.5,70.1,67.6,68.2,67.2,60.4,-,-,-,-,-,-
Tajikistan,"Exports to major regions, share",Europe,% of total merchandise exports,-,-,-,-,-,-,-,-,-,-,-,-,-,-,-,-,46.3,-,-,-,-,-,-,-,-,-,-
Turkmenistan,"Exports to major regions, share",Europe,% of total merchandise exports,-,-,-,-,-,-,-,-,-,-,-,-,-,-,-,-,29.7,47.2,19.8,8.2,-,-,-,-,-,-,-
Pacific,"Exports to major regions, share",Europe,% of total merchandise exports,-,6.7,6,6,7.8,8.5,9.1,10.5,11.9,13.4,13.9,12.6,12.8,15.4,13.7,13.2,12.6,13.3,14.6,11.4,11.8,12.4,12.4,12.9,14.2,14.1,16.2
Australia,"Exports to major regions, share",Europe,% of total merchandise exports,-,5.3,4.7,4.8,7.1,7.7,8.2,9,10.9,12.5,12.9,11.1,11.7,14.9,13.1,12.6,11.9,11.5,13.5,9.3,9.8,10.4,10.3,11,12.4,12,14.3
Cook Islands,"Exports to major regions, share",Europe,% of total merchandise exports,-,-,-,-,-,4.6,1.9,0.4,1.8,-,-,6.8,11.9,2.1,1.7,1.1,1.8,-,-,-,-,-,-,-,-,-,-
Fiji,"Exports to major regions, share",Europe,% of total merchandise exports,-,-,8.5,8.4,8.9,7.9,5.8,16.5,16.1,15.5,12.1,15.9,16.8,22.3,15.8,23.8,18,-,-,-,-,-,20.3,28.8,31.9,33.4,23.9
French Polynesia,"Exports to major regions, share",Europe,% of total merchandise exports,-,-,13.2,16.5,17.3,21.7,25.5,20.4,24.6,13.6,17.4,17.5,17.9,16.8,12.5,19.5,20.9,23.9,32.2,29.9,25.9,-,-,-,-,-,-
Kiribati,"Exports to major regions, share",Europe,% of total merchandise exports,-,-,-,0.2,0.2,0.2,1.4,0.2,0.9,0.2,-,-,-,-,-,-,-,8.8,7.5,6,6.2,2.2,4.9,45.6,5.9,19.7,42.8
New Caledonia,"Exports to major regions, share",Europe,% of total merchandise exports,-,10.4,20.4,27.5,29.3,28.8,33.8,45.6,49.9,36.2,39.3,36.6,30.8,37,39.1,40.1,37.2,39.5,-,-,-,-,-,-,-,-,-
New Zealand,"Exports to major regions, share",Europe,% of total merchandise exports,-,11.1,10.4,10.2,10.3,11.6,11.9,14.3,14.1,15,16.4,16.4,16.6,16.9,16.4,15.7,16,18.4,18.5,17.1,16.7,16.5,16.7,16,17.1,17.5,19.3
Palau,"Exports to major regions, share",Europe,% of total merchandise exports,-,0.2,0.6,-,0.4,-,-,-,-,-,-,-,-,-,-,-,-,-,-,-,-,-,-,-,-,-,-
Papua New Guinea,"Exports to major regions, share",Europe,% of total merchandise exports,-,-,-,-,20.7,20,-,-,-,-,-,-,11.3,11.4,7.4,5.5,4.6,-,7,-,-,-,-,-,-,-,-
Samoa,"Exports to major regions, share",Europe,% of total merchandise exports,-,-,0.7,0.6,0.2,0.5,0.2,0.3,0.1,0,0,0.2,1,5.7,0.4,0.9,-,-,-,-,-,-,-,-,-,-,-
Solomon Islands,"Exports to major regions, share",Europe,% of total merchandise exports,-,15.7,13.5,13.4,13.5,15.9,17.8,21.4,12.9,13,5,3.9,2.1,0.1,0.1,-,-,-,-,-,-,-,-,-,-,-,-
Tonga,"Exports to major regions, share",Europe,% of total merchandise exports,-,-,0.2,1.3,0.2,0,0,0.1,0,1.2,0.7,2.1,1.1,0.1,4.4,1.7,1.5,-,-,-,-,-,-,-,-,-,-
Vanuatu,"Exports to major regions, share",Europe,% of total merchandise exports,-,-,-,-,-,3.3,4.9,18.3,-,17,10.2,-,-,-,-,-,18.9,-,-,-,-,-,32.6,29.7,-,48.9,52.5
ESCAP Aggregates,"Exports to major regions, share",Europe,% of total merchandise exports,-,18.2,18.1,18,18.8,19.8,20.1,22,24.3,22.9,23.2,22.8,21.7,21.3,20.3,21.1,21,21.3,22.2,20.4,20.3,21.9,22.7,24.5,26.6,36.3,38.7
LLDC,"Exports to major regions, share",Europe,% of total merchandise exports,-,-,59.4,56.8,56.3,59.4,56.4,55.2,60.6,55,62.5,-,-,-,-,-,37.4,-,-,-,-,-,-,-,-,-,-
LDC,"Exports to major regions, share",Europe,% of total merchandise exports,-,-,-,-,-,45.4,32.4,40.3,40,-,41.9,43.2,48.3,45.1,42.3,42.9,39,-,48,-,-,-,54,-,53.8,-,-
ASEAN,"Exports to major regions, share",Europe,% of total merchandise exports,-,-,11,10.6,11,11.7,12.2,12.9,12.9,13.4,13.4,13.4,14.2,14.4,14.8,15.8,15.6,17.2,18.3,15.9,15.9,16.2,16.3,17.5,18.6,18.9,20.3
ECO,"Exports to major regions, share",Europe,% of total merchandise exports,-,67,61.4,58.7,-,42.3,43,62.5,62.5,68,50.7,53.2,48.9,46.4,43.8,47.7,46,37.2,40.8,46.9,68.3,73.6,-,-,-,-,-
SAARC,"Exports to major regions, share",Europe,% of total merchandise exports,-,23.8,22.2,22.1,22.4,22.3,23,24.4,25.2,25.7,25.4,26.4,27.5,27.5,26.9,27.6,28.1,33,33.8,33.6,33.1,34,39.4,32.3,33.6,34.1,34.8
Low income economies,"Exports to major regions, share",Europe,% of total merchandise exports,-,8.2,8.2,7.9,6.3,10.2,9.7,8.3,-,-,-,-,-,-,-,-,-,-,-,-,-,-,-,-,-,-,-
Lower middle income economies,"Exports to major regions, share",Europe,% of total merchandise exports,-,-,18.1,18,17.7,18,18.5,20.7,20.1,20.2,20.1,20.2,20.6,20.8,20.7,21.1,20.8,23.7,24.5,23.3,25.1,25.7,27.9,25.7,26.5,26.8,31.8
Upper middle income economies,"Exports to major regions, share",Europe,% of total merchandise exports,-,22.2,24.1,24.6,25.9,27,27.4,30.1,33.8,31.1,32.1,31.9,29.9,29.1,27.8,29.4,29.6,27.5,28.7,28.9,29.9,38.9,-,-,-,-,-
High income economies,"Exports to major regions, share",Europe,% of total merchandise exports,-,9.7,9.3,9.1,9.8,11.2,11.8,13,14,14.6,14.7,14.9,15.3,15.5,15.1,15.9,16.3,17.8,18.7,15.8,15.4,15.9,15.6,16.8,19,24.2,25
World Aggregates,"Exports to major regions, share",Europe,% of total merchandise exports,-,36.4,35,34.6,35.1,37,37.4,40.5,42.1,42.5,42.1,42.7,43.6,44,42.7,42.8,41.7,44.3,45.6,43.6,44.5,46.3,46.2,47.2,51.8,57.6,70.4
Africa,"Exports to major regions, share",Europe,% of total merchandise exports,-,-,46.2,43.9,41.2,39.6,37.5,40,45.5,40.5,54.6,74.1,79.1,74.3,82.6,81.4,75.3,-,-,-,-,-,-,-,-,-,-
Europe,"Exports to major regions, share",Europe,% of total merchandise exports,-,65.7,66.8,66,66.5,68.7,69.4,71,71.9,72.5,72.4,72.2,72.5,72.8,71.8,71.9,72.2,72.4,72.2,71,71.5,72.7,72.7,72.6,76,77.8,95.9
Latin America and Caribbean,"Exports to major regions, share",Europe,% of total merchandise exports,-,12.9,13.4,12.7,13.3,14.1,13.6,14.4,15.2,16.6,14.2,13.4,14.1,13.9,13,12.9,12.6,14.5,15.6,15.1,16.1,18.4,19.2,19.7,23.4,33,37.6
North America,"Exports to major regions, share",Europe,% of total merchandise exports,-,17.5,16.6,16.6,17.3,18.2,18.5,20,19.7,19.5,18.4,17.8,18.1,18.3,18,19,18.4,19.4,19.6,18.7,19.1,19.1,18.9,20.2,22,23.6,24
Other countries or areas,"Exports to major regions, share",Europe,% of total merchandise exports,-,-,8.6,8.4,10,10.3,9.1,8.6,10.3,9.8,10.2,12.8,12.7,13.8,14,15.2,16.7,20.3,21.2,-,20.8,21,21.8,24.3,26,28.5,-
East and North-East Asia,"Exports to major regions, share",Latin America and Caribbean,% of total merchandise exports,-,5.1,5.1,5.2,5.6,5.6,5.4,4.8,4.9,4.3,3.9,3.3,3.1,2.9,3.3,3.8,3.8,3.8,4.3,4.1,3.8,3.8,4,3.8,3.8,4.9,4.4
China,"Exports to major regions, share",Latin America and Caribbean,% of total merchandise exports,-,5.8,5.8,6,6.6,6.4,5.8,4.7,5,4.2,3.7,3.1,3,2.7,2.9,3.1,2.9,2.7,2.9,2.5,2,2.1,2,1.9,1.3,-,-
"Hong Kong, China","Exports to major regions, share",Latin America and Caribbean,% of total merchandise exports,-,1.9,1.8,1.6,1.5,1.6,1.5,1.3,1.6,1.5,1.5,1.4,1.4,1.4,2,2.3,2.4,2.2,2.8,2.8,2.6,2.8,2.8,2.6,2.5,-,-
Japan,"Exports to major regions, share",Latin America and Caribbean,% of total merchandise exports,-,4.4,4.6,4.8,5.1,5.1,5.5,5.4,5,4.7,4.5,3.9,3.3,3.2,3.5,4,4.3,4.3,5,4.7,4.1,4.2,4.5,4.4,4.4,3.8,3.3
"Macao, China","Exports to major regions, share",Latin America and Caribbean,% of total merchandise exports,-,0,0.4,-,0.6,1.3,1.7,1.5,1.3,0.9,0.9,0.5,0.4,0.3,0.5,0.6,0.4,0.5,0.5,0.4,0.3,0.5,0.8,1,0.3,0.2,0.3
Mongolia,"Exports to major regions, share",Latin America and Caribbean,% of total merchandise exports,-,0,0,0,-,-,-,-,-,0,0,0.1,0.1,0,0.3,0.3,0.1,0.4,0.2,0,0,-,-,-,-,-,-
Republic of Korea,"Exports to major regions, share",Latin America and Caribbean,% of total merchandise exports,-,-,5.9,6.2,6.4,6.9,7.4,7.1,7.7,6.5,5.9,5,4.2,4.4,5.1,6.3,5.3,5.9,6.5,6.1,6.7,5.7,6.5,5.7,6.4,3.9,3.1
South-East Asia,"Exports to major regions, share",Latin America and Caribbean,% of total merchandise exports,-,-,2.7,2.9,2.9,3,2.6,2.5,2.5,2.1,1.8,1.6,1.4,1.3,1.6,1.6,1.6,1.5,1.7,1.5,1.4,1.4,1.4,1.4,1.3,1.3,1.1
Brunei Darussalam,"Exports to major regions, share",Latin America and Caribbean,% of total merchandise exports,-,0,0,0,0,-,-,-,-,-,0,-,0,0,0,0,-,-,0,0,-,-,-,-,-,-,-
Cambodia,"Exports to major regions, share",Latin America and Caribbean,% of total merchandise exports,-,-,1.6,1.3,1.5,1.6,1.1,0.7,1,0.7,0.5,0.3,0.2,0.1,0.4,0.4,0.1,-,-,-,-,-,-,-,-,-,-
Indonesia,"Exports to major regions, share",Latin America and Caribbean,% of total merchandise exports,-,-,2.1,2,1.9,1.9,2.2,1.8,1.7,1.7,1.7,1.5,1.5,1.4,1.7,1.7,1.7,1.7,1.9,1.7,1.5,1.6,1.4,1.2,0.9,0.6,0.4
Malaysia,"Exports to major regions, share",Latin America and Caribbean,% of total merchandise exports,-,1.8,1.6,1.6,1.7,1.8,1.8,1.6,1.7,1.5,1.3,1.1,1.2,1,1.1,1.3,1.5,1.3,1.7,1.6,1.3,1.5,1.6,1.4,1.2,1.1,0.7
Myanmar,"Exports to major regions, share",Latin America and Caribbean,% of total merchandise exports,-,-,-,-,-,-,0.2,-,-,-,-,-,-,-,-,-,-,-,-,-,-,-,-,-,0,-,-
Philippines,"Exports to major regions, share",Latin America and Caribbean,% of total merchandise exports,-,1.4,1.4,1.2,1.1,1.5,1.1,1,0.9,0.8,0.8,0.7,0.7,0.6,1.2,1,1.1,1.4,1.4,0.7,0.8,1.1,1,1.1,1.3,1.1,-
Singapore,"Exports to major regions, share",Latin America and Caribbean,% of total merchandise exports,-,2.8,3.5,4.2,4.3,4.6,3.4,3.7,3.5,2.5,2.2,2,1.6,1.6,2,2.1,1.9,1.7,1.6,1.7,1.6,1.3,1.5,1.7,1.5,1.6,1.2
Thailand,"Exports to major regions, share",Latin America and Caribbean,% of total merchandise exports,-,3.6,3.4,3.6,3.5,3,2.9,2.2,2.7,2.5,2.2,1.9,1.6,1.5,1.7,1.7,1.5,1.3,1.7,1.2,1,1,1.2,1.1,1.3,1.4,1.4
Timor-Leste,"Exports to major regions, share",Latin America and Caribbean,% of total merchandise exports,-,-,-,0,-,-,-,-,-,-,-,2.5,0,-,-,-,-,-,-,-,-,-,-,-,-,-,-
Viet Nam,"Exports to major regions, share",Latin America and Caribbean,% of total merchandise exports,-,-,2.9,2.4,2.2,2.2,2.7,2.3,2.6,2.3,1.9,1.8,1.4,1.1,1.1,1.1,0.9,1,4.2,0.8,-,-,-,-,-,-,-
South and South-West Asia,"Exports to major regions, share",Latin America and Caribbean,% of total merchandise exports,-,3.2,3.8,3.6,4,2.7,2.6,2.2,2.7,2.2,1.8,1.5,1.6,1.5,1.6,1.8,1.8,1.3,1.3,1.5,1.6,1.5,1.8,1.5,1.3,1.3,1.1
Afghanistan,"Exports to major regions, share",Latin America and Caribbean,% of total merchandise exports,-,0,-,-,-,0.1,-,0.1,0.2,-,-,-,-,-,-,-,-,-,-,-,-,-,-,-,-,-,-
Bangladesh,"Exports to major regions, share",Latin America and Caribbean,% of total merchandise exports,-,-,-,-,-,1.4,1.2,1.1,1.1,0.8,0.6,0.6,0.5,0.4,0.4,0.4,0.5,-,0.6,0.6,0.6,0.8,1.3,1.4,1.4,1.4,1.6
Bhutan,"Exports to major regions, share",Latin America and Caribbean,% of total merchandise exports,-,-,-,-,0,0,-,0,0,0,0,-,-,-,-,-,-,-,-,-,-,-,-,-,-,-,-
India,"Exports to major regions, share",Latin America and Caribbean,% of total merchandise exports,-,4.1,4.9,4.3,5.1,4.4,4.2,2.9,3.9,3.1,3.2,2.8,2.4,2.1,2.4,2.4,2.1,1.8,1.8,2,1.4,1.1,1.4,1.1,0.9,0.7,0.5
Iran (Islamic Rep. of),"Exports to major regions, share",Latin America and Caribbean,% of total merchandise exports,-,-,-,-,-,0.1,0.2,-,-,-,0.2,0.1,1.7,1.8,1.2,1.8,2.2,0.3,0.1,1.2,-,-,-,-,-,-,-
Maldives,"Exports to major regions, share",Latin America and Caribbean,% of total merchandise exports,-,-,0,0.4,0.5,-,-,-,-,0,0,-,0.1,0.9,0,0,0,0,-,-,-,-,-,-,-,-,-
Nepal,"Exports to major regions, share",Latin America and Caribbean,% of total merchandise exports,-,0.2,0.2,0.3,0.3,0.3,0.2,0.3,-,-,-,-,-,0.1,-,-,0.1,0,0.2,-,-,-,0.1,-,-,-,-
Pakistan,"Exports to major regions, share",Latin America and Caribbean,% of total merchandise exports,-,2,2.1,2.2,2.2,2.2,2.6,1.9,2.5,2.4,2.3,1.7,1.7,1.5,1.8,1.9,2,1.9,2.3,1.9,1.7,1.6,-,1.2,0.6,0.7,0.3
Sri Lanka,"Exports to major regions, share",Latin America and Caribbean,% of total merchandise exports,-,2.8,2.5,2.8,2.6,2.4,2.1,2,1.9,1.8,1.6,1.7,1.5,1.5,1.5,1.4,1.5,1.8,-,-,-,-,1.3,1.6,1.8,1.9,2
Turkey,"Exports to major regions, share",Latin America and Caribbean,% of total merchandise exports,-,1.5,1.8,2.1,1.9,1.8,1.6,1.2,1.3,1,1,0.9,0.8,0.6,0.9,1.2,1,1.1,1,0.9,0.7,0.7,0.7,0.6,0.5,0.5,0.3
North and Central Asia,"Exports to major regions, share",Latin America and Caribbean,% of total merchandise exports,-,1.3,1.1,1.3,1.1,1.3,1,1,1.4,1.2,1.5,2,1.9,2.7,3,3.9,4.6,3.9,2.5,2.2,3.1,-,-,-,-,-,-
Armenia,"Exports to major regions, share",Latin America and Caribbean,% of total merchandise exports,-,0.4,0.5,0.8,1.2,1.1,1,0.4,1.1,2.4,1.6,5.5,5.3,0.6,0.5,0.7,0,0,-,0.2,-,-,-,-,-,-,-
Azerbaijan,"Exports to major regions, share",Latin America and Caribbean,% of total merchandise exports,-,-,0.1,0,0,0.1,0,0,2.5,3.1,0.1,0,0,0.1,0.5,0.7,0.5,2.4,0,0.4,0.4,-,-,-,-,-,-
Georgia,"Exports to major regions, share",Latin America and Caribbean,% of total merchandise exports,-,2,1.1,1,2.2,2.5,0.8,0.1,4.3,2.2,1.8,0.9,0,0.8,0.3,0.2,0.7,0.2,0.2,3.1,-,-,-,-,-,-,-
Kazakhstan,"Exports to major regions, share",Latin America and Caribbean,% of total merchandise exports,-,0.2,0.1,0,0.1,0.5,0.9,0.7,0.3,0.2,0.4,2.1,4.1,4.8,2.2,5.5,12.7,8.5,0.8,0.6,0.6,1.2,-,-,-,-,-
Kyrgyzstan,"Exports to major regions, share",Latin America and Caribbean,% of total merchandise exports,-,1.4,-,0.7,0.9,0,0,0,0,0,0,0,0,0,-,0,-,0,-,-,-,-,-,-,-,-,-
Russian Federation,"Exports to major regions, share",Latin America and Caribbean,% of total merchandise exports,-,1.4,1.3,1.6,1.3,1.5,1,1.1,1.4,1.3,1.6,2,1.8,2.6,3.1,3.8,4.2,3.6,2.7,2.3,3.3,-,-,-,-,-,-
Turkmenistan,"Exports to major regions, share",Latin America and Caribbean,% of total merchandise exports,-,-,-,-,-,-,-,-,-,-,-,-,-,-,-,-,0,0.4,0.4,0.1,-,-,-,-,-,-,-
Pacific,"Exports to major regions, share",Latin America and Caribbean,% of total merchandise exports,-,1.4,1.1,1.1,1.4,1.7,1.7,1.6,1.9,1.8,1.8,1.9,1.6,1.7,1.6,1.7,1.6,1.6,1.9,1.6,1.5,1.4,1.5,1.8,1.4,1.3,1
Australia,"Exports to major regions, share",Latin America and Caribbean,% of total merchandise exports,-,1.1,0.8,0.7,1.2,1.4,1.4,1.4,1.5,1.3,1.5,1.7,1.3,1.3,1.2,1.2,1.3,1.3,1.5,1.1,0.9,0.9,1.1,1.2,0.9,0.9,0.5
Cook Islands,"Exports to major regions, share",Latin America and Caribbean,% of total merchandise exports,-,-,-,-,-,0.2,0.2,0.2,0.1,-,-,-,-,-,-,-,-,-,-,-,-,-,-,-,-,-,-
Fiji,"Exports to major regions, share",Latin America and Caribbean,% of total merchandise exports,-,-,0.9,1,2.3,2.5,2.9,1.2,0.6,0.6,0.4,0.2,0.1,0,0,0,0,-,-,-,-,-,0,0,0.1,0,0
French Polynesia,"Exports to major regions, share",Latin America and Caribbean,% of total merchandise exports,-,-,5.3,4.7,0.4,1.3,0.1,0.3,0.5,0.3,0.1,0.4,0.1,0.3,0.1,0,0.1,0,0.2,0.1,0,-,-,-,-,-,-
Kiribati,"Exports to major regions, share",Latin America and Caribbean,% of total merchandise exports,-,-,-,-,-,0,-,-,-,0.2,-,-,-,-,-,-,-,-,-,-,-,-,-,-,-,-,-
New Caledonia,"Exports to major regions, share",Latin America and Caribbean,% of total merchandise exports,-,0.1,0.1,0,0,0.1,0.1,0.3,0,0.1,0.1,0,0,-,-,-,0,0.1,-,-,-,-,-,-,-,-,-
New Zealand,"Exports to major regions, share",Latin America and Caribbean,% of total merchandise exports,-,3.1,2.7,3.2,3,3.2,3.3,3.1,4.5,4.3,3.5,3.5,3.1,3.4,3.6,4.7,3.4,3.1,4.4,3.9,3.9,3.2,3.2,4.4,3.5,3.3,3.1
Palau,"Exports to major regions, share",Latin America and Caribbean,% of total merchandise exports,-,0,0.1,-,-,-,-,-,-,-,-,-,-,-,-,-,-,-,-,-,-,-,-,-,-,-,-
Papua New Guinea,"Exports to major regions, share",Latin America and Caribbean,% of total merchandise exports,-,-,-,-,2.4,1.8,-,-,-,-,-,-,0.1,0,0,0,0,-,0,-,-,-,-,-,-,-,-
Samoa,"Exports to major regions, share",Latin America and Caribbean,% of total merchandise exports,-,-,1.5,0,0.4,0,0.1,0,0.1,-,-,-,0,0,-,0,-,-,-,-,-,-,-,-,-,-,-
Solomon Islands,"Exports to major regions, share",Latin America and Caribbean,% of total merchandise exports,-,0,0,0,0,0,-,0,-,-,-,-,-,0.1,-,-,-,-,-,-,-,-,-,-,-,-,-
Tonga,"Exports to major regions, share",Latin America and Caribbean,% of total merchandise exports,-,-,-,0,-,0,0.5,-,-,-,-,0.1,0,-,-,-,-,-,-,-,-,-,-,-,-,-,-
Vanuatu,"Exports to major regions, share",Latin America and Caribbean,% of total merchandise exports,-,-,-,-,-,0.1,0.6,1.3,-,0.3,1.1,-,-,-,-,-,0.2,-,-,-,-,-,1.6,0.9,-,-,-
ESCAP Aggregates,"Exports to major regions, share",Latin America and Caribbean,% of total merchandise exports,-,4.4,4,4.1,4.3,4.2,4.1,3.7,3.8,3.3,3,2.7,2.5,2.4,2.7,3.1,3.1,3,3.3,3.1,3,3.2,3.4,3.4,3.4,3.9,3.7
LLDC,"Exports to major regions, share",Latin America and Caribbean,% of total merchandise exports,-,-,0.1,0.1,0.1,0.4,0.7,0.5,1.1,0.6,-,-,-,-,-,-,-,-,-,-,-,-,-,-,-,-,-
LDC,"Exports to major regions, share",Latin America and Caribbean,% of total merchandise exports,-,-,-,-,-,1.4,0.9,1,1.1,-,0.6,0.5,0.4,0.4,0.5,0.5,0.4,-,0.6,-,-,-,1.2,-,1.3,-,-
ASEAN,"Exports to major regions, share",Latin America and Caribbean,% of total merchandise exports,-,-,2.7,2.9,2.9,3,2.6,2.5,2.5,2.1,1.8,1.6,1.4,1.3,1.6,1.6,1.6,1.5,1.7,1.5,1.4,1.4,1.4,1.4,1.3,1.3,1.1
ECO,"Exports to major regions, share",Latin America and Caribbean,% of total merchandise exports,-,1.3,1.2,1.3,-,0.9,1,1.2,1.4,1.1,0.7,0.9,1.6,1.5,1.2,2,2.8,1.6,0.9,1.1,1.5,1.6,-,-,-,-,-
SAARC,"Exports to major regions, share",Latin America and Caribbean,% of total merchandise exports,-,4,4.7,4.2,4.9,3.9,3.8,2.6,3.5,2.8,2.8,2.5,2.1,1.8,2.1,2.1,1.9,1.8,1.9,2,1.5,1.3,1.7,1.2,0.9,0.8,0.6
Low income economies,"Exports to major regions, share",Latin America and Caribbean,% of total merchandise exports,-,0.1,-,-,-,0.2,-,0.2,-,-,-,-,-,-,-,-,-,-,-,-,-,-,-,-,-,-,-
Lower middle income economies,"Exports to major regions, share",Latin America and Caribbean,% of total merchandise exports,-,-,3.4,3.1,3.3,2.9,2.9,2.2,2.6,2.1,2.1,1.9,1.6,1.3,1.7,1.6,1.5,1.6,1.9,1.6,1.4,1.5,1.5,1.3,1.1,0.9,0.8
Upper middle income economies,"Exports to major regions, share",Latin America and Caribbean,% of total merchandise exports,-,4.6,4.4,4.5,4.7,4.4,4.1,3.4,3.5,3.1,2.7,2.3,2.3,2.2,2.3,2.7,2.7,2.3,2.3,2,2,2.7,-,-,-,-,-
High income economies,"Exports to major regions, share",Latin America and Caribbean,% of total merchandise exports,-,3.7,3.7,3.9,4.1,4.4,4.4,4.3,4.4,3.8,3.6,3.2,2.7,2.7,3.1,3.6,3.6,3.6,4.1,3.8,3.6,3.6,3.8,3.7,3.7,3.9,3.5
World Aggregates,"Exports to major regions, share",Latin America and Caribbean,% of total merchandise exports,-,6.4,6,6,6.3,6.2,5.8,5.5,5.6,5.2,5,4.8,4.6,4.6,5,5.7,5.8,5.6,6.1,5.9,5.2,5.2,5.6,5.5,5.1,5.1,4.9
Africa,"Exports to major regions, share",Latin America and Caribbean,% of total merchandise exports,-,-,3.8,3.5,4.9,5.4,3.4,3.5,3.5,3,3.5,5.3,5.1,4.4,5.1,5,5,-,-,-,-,-,-,-,-,-,-
Europe,"Exports to major regions, share",Latin America and Caribbean,% of total merchandise exports,-,2.6,2.4,2.5,2.7,2.5,2.4,2.1,2.2,2,1.9,1.9,1.8,1.8,2,2.3,2.3,2.3,2.6,2.4,2.2,2.4,2.5,2.5,2.2,2.1,2.4
Latin America and Caribbean,"Exports to major regions, share",Latin America and Caribbean,% of total merchandise exports,-,19.2,20.3,19.7,20.8,22.2,20.9,21.8,23.9,24.2,20.5,19.4,17.2,16.6,15.6,17.9,17.5,16.8,21.2,21.2,20.4,21.2,21.1,21.6,20.6,24.3,24.6
North America,"Exports to major regions, share",Latin America and Caribbean,% of total merchandise exports,-,20.9,20.8,20.7,20.6,19.6,18.6,18,17.2,16,16.2,15.7,15.6,15.3,16.1,16.5,16.5,15.6,16.3,15.3,13.7,12.9,14.1,13.3,13.4,11.9,10.8
Other countries or areas,"Exports to major regions, share",Latin America and Caribbean,% of total merchandise exports,-,-,1,1,1.1,1.3,1.2,1,1.2,1.1,1,1.2,1.2,1.3,1.3,1.7,1.6,1.8,2.1,-,1.6,1.6,1.7,2.3,2.2,2.3,-
East and North-East Asia,"Exports to major regions, share",North America,% of total merchandise exports,-,17.7,16.7,16.3,16.6,16,16.7,17.1,17.5,19.2,21.1,21.5,21.8,22.9,25.7,26.3,26.9,27.6,26.7,24.4,24.1,24.8,27.1,27.5,26.2,41.1,44.8
China,"Exports to major regions, share",North America,% of total merchandise exports,-,19.3,18.2,18,18.6,18.5,19.4,19.9,19.2,20.7,22.7,23,22.5,22.4,22.8,21.7,22.2,22.8,21.8,19,18.8,17.7,18.9,19.8,10.9,-,-
"Hong Kong, China","Exports to major regions, share",North America,% of total merchandise exports,-,9.2,9,8.5,9.5,10.1,11.5,12.1,13.4,14.5,15.9,17.1,17.7,19.5,22.7,23.7,24.7,25.4,24.9,23.2,22.6,23.3,24.8,24.7,24.8,-,-
Japan,"Exports to major regions, share",North America,% of total merchandise exports,-,21.5,20.1,20,19.1,16.6,16.8,17.7,19.1,21.9,24.3,24.3,24.3,26.5,30.7,32.1,31.3,32.7,32.5,29.6,28.7,28.9,31.5,31.2,30.6,31.6,34.1
"Macao, China","Exports to major regions, share",North America,% of total merchandise exports,-,0.3,1.5,-,4.9,6.4,11.4,17.6,40.7,41.3,44.8,49.6,50.2,51.5,50.2,50.1,49.9,48.5,49.4,44.1,39.5,42.7,37.8,34.3,36.2,32.7,37.5
Mongolia,"Exports to major regions, share",North America,% of total merchandise exports,-,0.4,0.3,3.3,-,-,-,-,-,12.9,18.8,25.8,20,23.3,27.8,21.6,20.1,13,10.4,6.5,0.3,-,-,-,-,-,-
Republic of Korea,"Exports to major regions, share",North America,% of total merchandise exports,-,-,13.5,12.4,11.9,11.3,11.9,11.5,12.2,13.7,14.8,16,18.5,19.2,21.9,22.2,23.4,21.8,18.4,17.3,17.8,20.9,23,24,25.8,28.2,32.6
South-East Asia,"Exports to major regions, share",North America,% of total merchandise exports,-,-,10.3,9.8,9.4,9.3,10.3,11.2,11.5,13.3,14.7,15.2,15.7,16.6,18.6,18.6,19.8,21.2,21.8,19.5,19.6,20.2,21.3,21.7,21.5,20.5,23.2
Brunei Darussalam,"Exports to major regions, share",North America,% of total merchandise exports,-,0.8,2.5,0.1,0.7,-,-,-,-,-,6.7,-,6.9,7.8,7.9,7.6,-,-,9.2,2.5,-,-,1.1,0.4,0.9,-,-
Cambodia,"Exports to major regions, share",North America,% of total merchandise exports,-,-,36.7,28.7,31.3,37.1,39,35.1,51.9,57.3,56.6,56.5,50.3,56.1,50.5,56.3,54.4,-,-,-,-,-,-,-,-,-,-
Indonesia,"Exports to major regions, share",North America,% of total merchandise exports,-,-,9.8,9.1,8.3,8.6,9.5,9.8,10,10.7,11.7,12.1,12.9,12.7,13.9,14.5,14.3,14.9,15.3,14.1,14.4,14.7,15.4,15,13.9,12.6,13.6
Malaysia,"Exports to major regions, share",North America,% of total merchandise exports,-,9.8,8.8,8.4,9.1,8.7,10,11.5,13,16.2,19.4,20.2,19.4,20.2,21.4,20.9,21.3,22.7,22.4,19.4,18.9,21.5,22.1,21.3,19.5,17.7,17.7
Myanmar,"Exports to major regions, share",North America,% of total merchandise exports,-,-,-,-,-,-,0,-,-,-,-,-,-,-,-,-,-,-,-,-,-,-,-,-,2.7,-,-
Philippines,"Exports to major regions, share",North America,% of total merchandise exports,-,16,15.1,15.7,15.2,15.7,15.4,18.3,17.3,17.6,18.9,18.7,18.9,21,25.8,28.9,30.9,30.9,35.2,36,35.3,37,40,40.3,40.7,37.3,-
Singapore,"Exports to major regions, share",North America,% of total merchandise exports,-,7,6.2,6.3,5.9,5.9,7,7.5,7.8,9.6,10.5,10.6,12,13.1,15.6,15.7,17.7,19.6,20.4,18.7,18.8,18.7,19.4,21,21.8,20.5,22.2
Thailand,"Exports to major regions, share",North America,% of total merchandise exports,-,11.9,11.2,10.7,10.6,10.3,11.1,11.8,12.2,13.5,16,16.4,17.2,18.2,21,21.5,22.5,22.9,23.8,20.7,19.1,18.9,22.3,22.9,23.9,22.7,24
Timor-Leste,"Exports to major regions, share",North America,% of total merchandise exports,-,-,-,13.8,-,-,-,-,-,-,-,24,6.7,-,-,-,-,-,-,-,-,-,-,-,-,-,-
Viet Nam,"Exports to major regions, share",North America,% of total merchandise exports,-,-,20.5,19.3,18.2,18.5,20.8,21.1,20,21.9,20.8,19.4,20,20.4,15.5,7.8,5.7,5.2,7.3,3.8,-,-,-,-,-,-,-
South and South-West Asia,"Exports to major regions, share",North America,% of total merchandise exports,-,14.2,12.7,12.1,12.2,8.4,8.6,10.5,10.6,12.3,11.7,12.2,12.9,14.1,16.1,16.3,17.3,18.6,18.2,15.5,19,18,20.9,17.4,17,15.3,14.9
Afghanistan,"Exports to major regions, share",North America,% of total merchandise exports,-,0.6,-,-,-,1.2,1.1,4.4,0.4,-,-,-,-,-,-,-,-,-,-,-,-,-,-,-,-,-,-
Bangladesh,"Exports to major regions, share",North America,% of total merchandise exports,-,-,-,-,-,25.2,28.4,28.5,26.8,29.1,30.3,32.3,30.2,33,39.7,42.7,42.1,-,42.4,36.3,34.8,37.3,36.7,38.1,35.3,30.6,33.2
Bhutan,"Exports to major regions, share",North America,% of total merchandise exports,-,-,-,-,0,0,0,0,0.1,0.1,0,0,-,-,-,-,-,0.5,0.7,-,-,-,0.1,-,-,-,-
India,"Exports to major regions, share",North America,% of total merchandise exports,-,16,14.1,13.2,13.5,11.5,11.3,11.5,12.5,14.6,16.4,17.5,18.4,20.1,22.1,20.5,23.5,24.4,23.1,20.6,20.7,18.3,20.1,19,20,17.4,15.6
Iran (Islamic Rep. of),"Exports to major regions, share",North America,% of total merchandise exports,-,-,-,-,-,0,0.2,-,-,-,0.2,0.2,0.4,0.5,0.6,0.5,0.5,0.5,0.5,1.4,-,-,-,-,-,-,-
Maldives,"Exports to major regions, share",North America,% of total merchandise exports,-,-,9.4,4.5,3.2,0.8,0.7,0.8,1.2,1.2,0.9,3,19.8,32.4,38.4,42,44.4,35.5,20.7,18.2,10.5,19.3,-,-,-,-,-
Nepal,"Exports to major regions, share",North America,% of total merchandise exports,-,11.7,9.3,8.9,7.3,9,7.5,8.3,-,-,-,-,-,29.9,-,-,27.7,27.6,26.7,-,-,-,10.1,-,-,-,-
Pakistan,"Exports to major regions, share",North America,% of total merchandise exports,-,17.6,15.7,15.8,15.8,16,18.2,19.3,18.9,22.7,26.9,26.1,24.7,24.7,26.4,26.2,26.8,25.1,23.5,20.7,18.2,16.9,-,17.2,14.7,13.2,14.1
Sri Lanka,"Exports to major regions, share",North America,% of total merchandise exports,-,28.6,25.6,26.5,24.1,22.7,22.4,23.4,24.2,26.8,30.8,33.4,35.3,37.8,38.6,42.2,41.6,41.2,-,-,-,-,36.3,36.5,35.7,29.7,27.3
Turkey,"Exports to major regions, share",North America,% of total merchandise exports,-,4.9,4.6,4.3,4.4,4,3.7,3.5,3.7,4.2,6.4,7.2,8.2,8.4,10,10.5,11.8,9.7,8.9,8.2,7.4,7.4,8.8,6.8,6.2,7.1,8
North and Central Asia,"Exports to major regions, share",North America,% of total merchandise exports,-,2.7,2.1,2.5,2.9,3.5,3.9,4,3.8,2.2,2.9,2.9,3.8,4.7,5.4,5.2,5.4,7.6,6.9,5.2,4.4,-,-,-,-,-,-
Armenia,"Exports to major regions, share",North America,% of total merchandise exports,-,11.2,12.1,12,12.1,12.9,11.1,14.7,6.5,4.9,7.5,7.8,10.9,8.7,8.7,15.6,12.9,7.4,-,3.3,-,-,-,-,-,-,-
Azerbaijan,"Exports to major regions, share",North America,% of total merchandise exports,-,-,4.4,4.1,6.8,8.6,9.5,15.9,13.8,4.8,1.6,1,0.7,2.5,2.4,0.6,0.5,3.3,2.5,0.3,0.3,-,-,-,-,-,-
Georgia,"Exports to major regions, share",North America,% of total merchandise exports,-,7.9,9,7.5,14.1,11.8,16.9,13.6,15.6,17.8,11.5,7.2,3.9,3.4,3.9,2.8,2.2,4.2,5.8,1.8,0.7,-,-,-,-,-,-
Kazakhstan,"Exports to major regions, share",North America,% of total merchandise exports,-,1.7,1.4,3.6,3.8,4.2,5.8,4.6,1.4,1.8,2,4.3,2.6,17.8,22.2,16.1,15.8,17.3,1.5,2.2,1,0.9,-,-,-,-,-
Kyrgyzstan,"Exports to major regions, share",North America,% of total merchandise exports,-,0.1,-,0.3,0.3,0.1,7.2,0.2,0.3,0.4,0.8,3.8,6.4,6.4,6.5,1.7,0.6,2.5,1.5,-,3.5,1.3,-,-,-,-,-
Russian Federation,"Exports to major regions, share",North America,% of total merchandise exports,-,2.6,2,2.2,2.5,3.1,3.2,3.2,3.1,2.2,3.1,2.7,3.9,3.4,3.9,4.4,4.7,7,7.4,5.5,4.7,-,-,-,-,-,-
Tajikistan,"Exports to major regions, share",North America,% of total merchandise exports,-,-,-,-,-,-,-,-,-,-,-,-,-,-,-,-,0.1,-,-,-,-,-,-,-,-,-,-
Turkmenistan,"Exports to major regions, share",North America,% of total merchandise exports,-,-,-,-,-,-,-,-,-,-,-,-,-,-,-,-,1.3,1.1,0.1,-,-,-,-,-,-,-,-
Pacific,"Exports to major regions, share",North America,% of total merchandise exports,-,7.1,5.5,4.3,5.1,4.9,5.2,6.4,6.9,8,8.4,9.4,10.8,11.3,12.1,12,11.8,10.3,9.6,7.8,7.2,7.3,8.4,8.8,9,9.5,10.3
Australia,"Exports to major regions, share",North America,% of total merchandise exports,-,5.9,4.6,3.4,4.4,4.2,4.5,5.6,6.1,7,7.2,8,9.8,10.4,11.3,11.2,11.3,8.9,8.5,6.5,5.9,5.7,6.8,7.3,7.5,7.9,8.8
Cook Islands,"Exports to major regions, share",North America,% of total merchandise exports,-,-,-,-,-,6,2,2.4,2,-,-,4.2,6.1,30.6,11.3,13.9,8,-,-,-,-,-,-,-,-,-,-
Fiji,"Exports to major regions, share",North America,% of total merchandise exports,-,-,12.8,13.6,12.7,10.1,11.6,11.3,12.5,14.9,15,15.5,27.6,24.8,19.3,26.3,22.4,-,-,-,-,-,22.6,16.1,16.7,13.3,10.9
French Polynesia,"Exports to major regions, share",North America,% of total merchandise exports,-,-,13.3,14.8,17.3,16.4,11.9,11.6,9.5,8.6,13.4,16.1,17.2,15.8,15.7,20.1,12.8,12.1,15.1,16.7,11.2,-,-,-,-,-,-
Kiribati,"Exports to major regions, share",North America,% of total merchandise exports,-,-,-,3.5,0.3,0.3,-,13.1,-,2.9,-,0,-,-,-,-,-,14.5,12.6,11.5,13,10.3,13.2,19.7,12.3,22.3,15.4
Micronesia (F.S.),"Exports to major regions, share",North America,% of total merchandise exports,-,-,-,2.7,1.4,1.3,-,-,1.9,17.5,8.1,0.2,20.9,17.5,25.5,-,-,-,-,-,-,-,-,-,-,-,-
New Caledonia,"Exports to major regions, share",North America,% of total merchandise exports,-,3.5,5.6,5.3,4.9,4.4,4.4,5.2,2.8,2.6,2.6,2.3,2.7,1.4,1.8,2.4,5.2,5.6,-,-,-,-,-,-,-,-,-
New Zealand,"Exports to major regions, share",North America,% of total merchandise exports,-,13.1,10.6,9.6,10.5,9.6,9.8,11.2,11.4,13,14.8,15.9,16.2,16.4,17.5,16.8,16,15,14.3,11.8,10.6,11.7,12.8,13.4,13.8,14.2,14.9
Palau,"Exports to major regions, share",North America,% of total merchandise exports,-,34.2,38.3,-,3.5,-,-,-,-,-,-,-,-,-,-,-,-,-,-,-,-,-,-,-,-,-,-
Papua New Guinea,"Exports to major regions, share",North America,% of total merchandise exports,-,-,-,-,1.8,2,-,-,-,-,-,-,2.7,2.7,0.1,1.4,1.6,-,2.8,-,-,-,-,-,-,-,-
Samoa,"Exports to major regions, share",North America,% of total merchandise exports,-,-,3.8,2.3,2.3,2.6,2.6,3.6,1.9,2.6,4.4,6.4,6.7,3.7,4.6,30.4,-,-,-,-,-,-,-,-,-,-,-
Solomon Islands,"Exports to major regions, share",North America,% of total merchandise exports,-,0.3,2.5,1.9,0.6,0.1,0.4,0.1,0.1,0.1,0.1,0.2,0.1,0.3,0,-,-,-,-,-,-,-,-,-,-,-,-
Tonga,"Exports to major regions, share",North America,% of total merchandise exports,-,-,13.2,10.5,13.5,10.8,16.3,16,21.5,30.7,24.9,23.9,19.7,38.8,28.9,6.2,25.9,-,-,-,-,-,-,-,-,-,-
Tuvalu,"Exports to major regions, share",North America,% of total merchandise exports,-,-,-,-,-,-,-,-,-,-,-,-,0.3,-,1.6,-,-,-,-,-,-,-,-,-,-,-,-
Vanuatu,"Exports to major regions, share",North America,% of total merchandise exports,-,-,-,-,-,2.6,5.5,5.1,-,1.1,0.8,-,-,-,-,-,2.1,-,-,-,-,-,0,2.3,-,0,0
ESCAP Aggregates,"Exports to major regions, share",North America,% of total merchandise exports,-,15.7,13.4,12.9,13,12.2,13.1,13.8,13.9,15.6,16.9,17.4,18.1,19.2,21.5,21.9,22.6,23.7,23.1,20.8,20.7,22.8,24.9,25.2,24.3,32.4,35.6
LLDC,"Exports to major regions, share",North America,% of total merchandise exports,-,-,2.2,3.8,4.6,5.4,7.1,7.8,6.5,2.8,2.9,-,-,-,-,-,11.2,-,-,-,-,-,-,-,-,-,-
LDC,"Exports to major regions, share",North America,% of total merchandise exports,-,-,-,-,-,26.2,22.5,27.9,31.1,-,36.3,38.6,36.4,38.1,45.2,48.8,43.1,-,54.4,-,-,-,58.3,-,62.7,-,-
ASEAN,"Exports to major regions, share",North America,% of total merchandise exports,-,-,10.3,9.8,9.3,9.3,10.3,11.2,11.5,13.3,14.7,15.2,15.7,16.6,18.6,18.6,19.8,21.2,21.8,19.5,19.6,20.2,21.3,21.7,21.5,20.5,23.2
ECO,"Exports to major regions, share",North America,% of total merchandise exports,-,5.7,4.7,5.1,-,3.8,4.6,6.4,6,5.5,5.2,6,6.4,8.8,10,9.6,9.2,9.2,8.2,7.1,9.5,9.3,-,-,-,-,-
SAARC,"Exports to major regions, share",North America,% of total merchandise exports,-,18.6,16.3,15.3,15.8,13,13.3,13.7,14.5,17,19.2,20.4,21.2,22.9,25.5,25.2,27.2,30.5,28.4,25,24.2,22.7,26.8,21.5,21.1,18.3,17.3
Low income economies,"Exports to major regions, share",North America,% of total merchandise exports,-,6.6,-,-,-,6.7,5.6,7.1,-,-,-,-,-,-,-,-,-,-,-,-,-,-,-,-,-,-,-
Lower middle income economies,"Exports to major regions, share",North America,% of total merchandise exports,-,-,15.6,14.6,14.2,12.8,13.5,14.3,14.6,16.1,17.5,17.9,18.3,19.3,20.9,20.6,21.5,23.8,23.8,21.9,22.8,22.6,25,22.6,21.8,20.1,24
Upper middle income economies,"Exports to major regions, share",North America,% of total merchandise exports,-,15.6,13.8,13.4,13.7,13,14,14.8,13.8,15.3,16.4,16.5,16.6,17,17.7,17,17.2,18.5,18,15.1,14.9,19.3,-,-,-,-,-
High income economies,"Exports to major regions, share",North America,% of total merchandise exports,-,13.3,12.2,11.7,11.9,11.2,12,12.6,13.7,15.8,17.3,18.2,19.2,20.8,24.2,25.1,25.7,26.4,25.6,23.3,22.9,23.9,26,26.3,26.3,33.5,36.5
World Aggregates,"Exports to major regions, share",North America,% of total merchandise exports,-,16.3,14.3,13.7,14.1,13.7,14.4,14.4,15,16.4,17.7,18.6,18.7,19.5,21.1,21.5,22.3,22.1,20.7,19.8,18.8,19.1,20.7,20.8,19.1,20.4,22.5
Africa,"Exports to major regions, share",North America,% of total merchandise exports,-,-,7.5,8.6,12.3,14.2,15.9,14.4,20.6,19.9,26.2,30.4,30.5,22.9,22,24.1,25.3,-,-,-,-,-,-,-,-,-,-
Europe,"Exports to major regions, share",North America,% of total merchandise exports,-,8.6,7.6,7.1,7.3,7,7.2,7.2,7.1,7.6,8.4,8.7,8.8,9.3,10,9.9,10.1,9.3,8.7,8.1,7.4,7.2,8.2,8.1,7.3,7.3,9.7
Latin America and Caribbean,"Exports to major regions, share",North America,% of total merchandise exports,-,49.3,46.2,40.1,39.2,37.9,39.4,39.4,42.3,50.2,50.1,51.8,54.9,55.7,58.4,57.4,60.3,59.2,53.7,50.5,50.4,47.9,48.6,50,49.3,48.9,56.2
North America,"Exports to major regions, share",North America,% of total merchandise exports,-,31,32.3,31.8,31.6,31.8,32.4,32.2,35.1,36.7,38.4,40.6,40.3,40.5,40.3,39.4,39.6,39.6,37.6,36.2,35.6,35.9,36.9,35.6,33.4,33,34.3
Other countries or areas,"Exports to major regions, share",North America,% of total merchandise exports,-,-,4.3,-,-,-,-,9.7,9.9,12,11.2,14.4,-,17.2,18.1,19.5,19.8,23.6,24.3,-,23.4,23.8,25.8,27,28.7,31.4,-
East and North-East Asia,"Exports to major regions, share",Other countries/areas,% of total merchandise exports,-,6.6,6.5,6.2,6.3,6.3,6.4,6.4,6.6,6.4,6.3,6.4,6.6,6.4,6.4,6.3,7,6.8,7.5,6.4,6.4,6.5,6.5,7.1,7.4,10.4,10.1
China,"Exports to major regions, share",Other countries/areas,% of total merchandise exports,-,6,6,5.6,5.4,5.3,5.1,5.3,5.4,5,4.7,4.7,4.7,4.6,4.5,4.2,4.2,4,4,3.6,3.6,3.9,3.8,3.7,2.5,-,-
"Hong Kong, China","Exports to major regions, share",Other countries/areas,% of total merchandise exports,-,3.9,4.1,3.7,3.8,4.1,3.6,3.8,3.5,3.5,3.5,3.6,3.8,3.8,3.6,3.8,4,4,4.1,4,4,4.3,4,4.4,5.2,-,-
Japan,"Exports to major regions, share",Other countries/areas,% of total merchandise exports,-,10.1,9.8,9.3,9.2,9,9.8,9.7,10,9.8,9.6,9.9,9.8,9.1,8.9,8.4,9.4,9.1,9.6,8.8,8.5,8.4,8.3,9.1,9.7,8.7,8
"Macao, China","Exports to major regions, share",Other countries/areas,% of total merchandise exports,-,36.6,27.1,-,36.9,44.2,32.2,11.4,11.1,7.3,6,5.1,3.4,2.2,2.1,1.7,1.6,1.6,1.9,1.8,1.5,1.3,1.3,1,0.8,0.5,0.4
Mongolia,"Exports to major regions, share",Other countries/areas,% of total merchandise exports,-,0.3,0.4,0.2,-,-,-,-,-,0.3,0.1,0.2,0.3,0.5,0.5,0.6,0.1,0.2,0.3,0.1,0.7,-,-,-,-,-,-
Republic of Korea,"Exports to major regions, share",Other countries/areas,% of total merchandise exports,-,-,7.1,7,7.3,7.5,7,6.9,7.1,7.2,7.1,6.9,6.9,6.8,7.6,7.5,7.8,7.6,10.6,6.3,6.3,6.4,6.3,6.4,6.7,6.3,6.8
South-East Asia,"Exports to major regions, share",Other countries/areas,% of total merchandise exports,-,-,6.3,5.9,5.6,5.6,5.5,5.6,5.5,5.3,5.3,5.6,5.7,5.9,6.3,6.5,6.7,7.2,6.5,6.5,6.3,6.4,6.4,6.8,7.2,7.4,7.5
Brunei Darussalam,"Exports to major regions, share",Other countries/areas,% of total merchandise exports,-,7.8,5.6,0.1,0.3,-,-,-,-,-,0,-,0.1,0,0.1,0.1,-,-,2,2.8,-,-,2.8,3,3,-,-
Cambodia,"Exports to major regions, share",Other countries/areas,% of total merchandise exports,-,-,1.1,0.9,0.7,0.6,0.5,0.3,0.4,0.3,0.2,0.2,0.2,0.2,0.3,0.3,0.7,-,-,-,-,-,-,-,-,-,-
Indonesia,"Exports to major regions, share",Other countries/areas,% of total merchandise exports,-,-,7,5.6,5.7,5.3,5.3,5.5,5.4,5,5.1,5.2,6.5,6.2,6.5,7,6.6,6.7,6.8,6.5,6.1,6.6,7,7.4,7.2,6.5,5.8
Malaysia,"Exports to major regions, share",Other countries/areas,% of total merchandise exports,-,5.6,6,6,6.1,6.4,6.3,6.1,6.2,5.6,5.2,5.1,5.8,5.7,5.6,5.5,5.4,6.2,6,6.1,5.9,5.1,4.9,5.2,5.2,4.7,4
Myanmar,"Exports to major regions, share",Other countries/areas,% of total merchandise exports,-,-,-,-,-,-,1.7,-,-,-,-,-,-,-,-,-,-,-,-,-,-,-,-,-,2,-,-
Philippines,"Exports to major regions, share",Other countries/areas,% of total merchandise exports,-,4.6,5,4.5,4.6,5.1,4.3,4.5,4.8,4.7,4.9,5.2,6.2,7.5,7.6,7.2,8,9.1,6.8,5.6,4.4,4.6,5.2,5.3,5,4.2,-
Singapore,"Exports to major regions, share",Other countries/areas,% of total merchandise exports,-,6.4,6.2,5.9,5.5,5.4,5.4,5.4,4.9,5,5.3,6.2,5.7,5.8,6.6,6.8,7.3,6.4,6.2,6.1,5.5,5.7,5.9,6.1,7.7,7.9,7.6
Thailand,"Exports to major regions, share",Other countries/areas,% of total merchandise exports,-,6.3,6.5,6.2,6.1,5.7,6.1,6.4,6.4,6.3,6.2,6,5.8,6.3,6.1,5.8,6.4,7.9,6.2,7.2,7.1,7.5,6.8,6.8,6.2,6.7,6.4
Timor-Leste,"Exports to major regions, share",Other countries/areas,% of total merchandise exports,-,-,-,1.7,-,-,-,-,-,-,-,0.5,0.1,-,-,-,-,-,-,-,-,-,-,-,-,-,-
Viet Nam,"Exports to major regions, share",Other countries/areas,% of total merchandise exports,-,-,7,6.8,5.7,4.8,4.1,4.2,4.4,4.1,4.9,4.5,5,5.5,8.7,10.7,8.6,13,15,13.1,-,-,-,-,-,-,-
South and South-West Asia,"Exports to major regions, share",Other countries/areas,% of total merchandise exports,-,36.8,35.1,35.7,37.5,29.3,25.5,31,26.2,24.5,17.6,15.3,18.4,17.2,19.8,16.7,15.8,27.3,22.3,10,12,12,14.7,14.3,13.7,12.9,11.1
Afghanistan,"Exports to major regions, share",Other countries/areas,% of total merchandise exports,-,7.7,27.4,27.5,29.1,5.3,4.5,4.7,5.6,-,-,-,-,-,-,-,-,-,-,-,-,-,-,-,-,-,-
Bangladesh,"Exports to major regions, share",Other countries/areas,% of total merchandise exports,-,-,-,-,-,3.6,3.8,4,12.5,3,2.7,3,2.1,1.3,2.5,2.1,1.5,-,1.5,1.8,1.8,1.9,2.8,2.5,3.2,2,2.3
Bhutan,"Exports to major regions, share",Other countries/areas,% of total merchandise exports,-,-,-,-,0,0,0,0,0.1,0,0,0,-,-,-,-,-,0.1,0.1,-,-,-,0.3,0.4,-,-,-
India,"Exports to major regions, share",Other countries/areas,% of total merchandise exports,-,19.1,20,21.3,21.3,24.8,20.7,24.7,18.5,17.4,16.1,14.4,15.4,13.5,14.5,16.6,14.7,11.8,12.1,11.6,11.3,10.7,11.3,13.1,12.6,11.9,9.1
Iran (Islamic Rep. of),"Exports to major regions, share",Other countries/areas,% of total merchandise exports,-,-,-,-,-,61.8,58.6,-,-,-,30.4,19.6,34.8,33,43.2,26.3,26.7,87.6,82.4,3.4,-,-,-,-,-,-,-
Maldives,"Exports to major regions, share",Other countries/areas,% of total merchandise exports,-,-,2.2,1.6,2,7.5,3.3,2.6,0.4,1.2,9.8,27.1,20.5,0,0.2,0.2,1.2,2.9,1,3,3.3,4.9,-,-,-,-,-
Nepal,"Exports to major regions, share",Other countries/areas,% of total merchandise exports,-,0.8,0.8,0.8,0.8,1.2,0.6,1.3,-,-,-,-,-,0.3,-,-,0.2,0.1,0.1,-,-,-,0.5,-,-,-,-
Pakistan,"Exports to major regions, share",Other countries/areas,% of total merchandise exports,-,9,11,12.7,16.3,12.9,14.5,15.8,16.8,17,11.7,12.5,13.5,16.4,16,14.5,12.3,11.9,11.1,11.2,11.8,12.2,-,15,14.7,13,10.4
Sri Lanka,"Exports to major regions, share",Other countries/areas,% of total merchandise exports,-,8.9,9.1,8,7.7,7.9,10.1,10.1,10.9,8.8,8.7,8.2,5.9,6.5,8.4,8.9,8.1,8.1,-,-,-,-,9,9.2,8.3,12.5,14.2
Turkey,"Exports to major regions, share",Other countries/areas,% of total merchandise exports,-,19.1,19.5,19.6,20.4,17.7,17.7,17.2,18.9,14.6,14.4,15.8,14.6,14.2,14,14,11.9,11.6,11.7,11.9,10.6,11.1,13.5,14.1,12.5,10.7,9.8
North and Central Asia,"Exports to major regions, share",Other countries/areas,% of total merchandise exports,-,16,13.7,12.8,11.8,13.1,12.7,3.2,2.4,12.3,1.7,2.3,3,2.9,3.4,2.6,2.1,2.4,1.9,4.3,12.3,-,-,-,-,-,-
Armenia,"Exports to major regions, share",Other countries/areas,% of total merchandise exports,-,12.5,9.4,8,4.2,3.8,4.4,2.2,1.9,3.4,13.5,13.4,17.2,24.2,27.3,12.6,8.4,2.8,-,8.1,-,-,-,-,-,-,-
Azerbaijan,"Exports to major regions, share",Other countries/areas,% of total merchandise exports,-,-,11.4,8.8,11.7,3.7,10.1,14.6,8.5,7.1,11.4,5.3,9.5,6.1,7.6,7.9,8.2,7.4,0.7,0.6,0.5,-,-,-,-,-,-
Georgia,"Exports to major regions, share",Other countries/areas,% of total merchandise exports,-,4.9,2.9,3.4,4.7,4.6,3.3,4.7,1.5,3.2,1.4,0.8,0.8,0.6,1.2,0.9,2.1,3.1,0.6,0.1,0.1,-,-,-,-,-,-
Kazakhstan,"Exports to major regions, share",Other countries/areas,% of total merchandise exports,-,0.7,2,1.1,1.9,1.7,2.4,2.8,3.6,2.7,2,2.6,2,2.8,5.5,4.1,0.6,0.4,0.6,0.8,0.7,0.4,-,-,-,-,-
Kyrgyzstan,"Exports to major regions, share",Other countries/areas,% of total merchandise exports,-,8.2,-,12.9,1.2,7.7,20.4,8.9,3.3,1.7,1.2,25.8,26.5,25,15.1,0.3,0.4,0.3,0.3,-,0.2,0,-,-,-,-,-
Russian Federation,"Exports to major regions, share",Other countries/areas,% of total merchandise exports,-,17.8,15.6,14.9,13.6,15.6,14.3,2.7,1.5,13.7,1.4,2.1,2.8,2.6,2.9,2.2,2.1,2.4,1.9,4.3,13,-,-,-,-,-,-
Turkmenistan,"Exports to major regions, share",Other countries/areas,% of total merchandise exports,-,-,-,-,-,-,-,-,-,-,-,-,-,-,-,-,4,7.7,5.5,38,-,-,-,-,-,-,-
Pacific,"Exports to major regions, share",Other countries/areas,% of total merchandise exports,-,9.1,8.6,16.3,6.6,6.9,7.5,7.8,9.2,9.2,9.4,9.5,9.7,9.5,9.9,11.5,12.1,21.5,22.7,23.4,22.4,20.1,19.4,20.2,19.4,19.1,20.2
Australia,"Exports to major regions, share",Other countries/areas,% of total merchandise exports,-,9.3,8.7,17.8,6.6,6.9,7.1,7.4,9,8.9,8.8,8.9,9.1,8.9,10,11.3,11,21.9,24.3,24.5,23.3,20.4,19.3,19.4,18.3,17.9,19.1
Cook Islands,"Exports to major regions, share",Other countries/areas,% of total merchandise exports,-,-,-,-,-,-,0.1,0.9,-,-,-,0.6,0.5,0,0.2,0,-,-,-,-,-,-,-,-,-,-,-
Fiji,"Exports to major regions, share",Other countries/areas,% of total merchandise exports,-,-,18.9,22.9,22.8,23.2,22.5,6.4,16.6,6.7,25.4,2.3,3.8,4.5,4.4,4.8,10.2,-,-,-,-,-,7.1,8.7,6.4,8.5,9.3
French Polynesia,"Exports to major regions, share",Other countries/areas,% of total merchandise exports,-,-,0.8,0.6,0.6,1,0.8,0.5,0.8,3.4,0.5,0.3,1.1,0.8,0.5,0.3,0.4,2.7,1.2,1.1,0.5,-,-,-,-,-,-
Kiribati,"Exports to major regions, share",Other countries/areas,% of total merchandise exports,-,-,-,4.1,20.4,57.7,37.1,21.4,22,21.1,-,47.3,-,-,-,-,-,0,0,0.1,0.1,0.1,0.3,0.3,0,0.6,8.1
Micronesia (F.S.),"Exports to major regions, share",Other countries/areas,% of total merchandise exports,-,-,-,79.8,87.4,81.6,-,-,81,51.2,52.5,75.3,53,54.6,44,-,-,-,-,-,-,-,-,-,-,-,-
New Caledonia,"Exports to major regions, share",Other countries/areas,% of total merchandise exports,-,10.6,12.4,9.7,12.4,11.8,15.2,5.9,11.3,13.4,13.5,13,14.6,16.6,22.1,18.5,13.4,12.3,-,-,-,-,-,-,-,-,-
New Zealand,"Exports to major regions, share",Other countries/areas,% of total merchandise exports,-,7.1,7.4,6.3,6.7,6.7,6.5,6.2,6.4,6.3,6,6.1,5.7,5.3,5.3,5.1,5.5,5.7,5.5,5.7,6.2,5.9,6,6.5,6.3,6.5,6.2
Palau,"Exports to major regions, share",Other countries/areas,% of total merchandise exports,-,38,14.1,-,2.8,-,-,-,-,-,-,-,-,-,-,-,-,-,-,-,-,-,-,-,-,-,-
Papua New Guinea,"Exports to major regions, share",Other countries/areas,% of total merchandise exports,-,-,-,-,0.4,0.3,-,-,-,-,-,-,57.1,55.2,43.8,69.2,77.1,-,69.2,-,-,-,-,-,-,-,-
Samoa,"Exports to major regions, share",Other countries/areas,% of total merchandise exports,-,-,3.1,29.5,25.4,18.6,15.5,0.4,0.6,1.4,2.7,1.4,1.4,1.4,1.4,1.4,-,-,-,-,-,-,-,-,-,-,-
Solomon Islands,"Exports to major regions, share",Other countries/areas,% of total merchandise exports,-,1.5,1.2,2.7,0.6,0.4,0,0.9,0.1,0.1,11.4,0.3,27.9,33.5,41.5,-,-,-,-,-,-,-,-,-,-,-,-
Tonga,"Exports to major regions, share",Other countries/areas,% of total merchandise exports,-,-,16.1,20.7,3,10.5,1.1,0.1,4.3,2.2,0.5,0.4,0.8,0.3,0.5,0.3,0.6,-,-,-,-,-,-,-,-,-,-
Vanuatu,"Exports to major regions, share",Other countries/areas,% of total merchandise exports,-,-,-,-,-,3.9,6,5.9,-,28.3,37,-,-,-,-,-,6.3,-,-,-,-,-,4,0.9,-,2.4,3
ESCAP Aggregates,"Exports to major regions, share",Other countries/areas,% of total merchandise exports,-,9.9,9.4,9.5,9,9.1,8.4,7.9,7.4,8,6.7,6.8,7.2,7,7.3,7.1,7.4,8.6,8.6,7.4,7.9,8.3,8.6,9.3,9.7,12.3,12.5
LLDC,"Exports to major regions, share",Other countries/areas,% of total merchandise exports,-,-,4.2,3.1,4,2.3,4.8,5.8,5.6,3.3,3.7,-,-,-,-,-,-,-,-,-,-,-,-,-,-,-,-
LDC,"Exports to major regions, share",Other countries/areas,% of total merchandise exports,-,-,-,-,-,3.2,2.7,3.3,9.7,-,2.6,2.9,2.4,1.8,3,2.8,2.2,-,2.8,-,-,-,5.1,-,5.6,-,-
ASEAN,"Exports to major regions, share",Other countries/areas,% of total merchandise exports,-,-,6.3,5.9,5.6,5.6,5.5,5.6,5.5,5.3,5.3,5.6,5.7,5.9,6.3,6.5,6.7,7.2,6.5,6.5,6.3,6.4,6.4,6.8,7.2,7.4,7.5
ECO,"Exports to major regions, share",Other countries/areas,% of total merchandise exports,-,51.2,41.8,40.7,-,27.1,25.5,32.4,23.5,26.2,16.6,14.6,19,18.9,22.8,16.7,15.5,34.4,27.2,8.3,11.5,12.3,-,-,-,-,-
SAARC,"Exports to major regions, share",Other countries/areas,% of total merchandise exports,-,18.2,19.3,20.6,20.7,22,18.6,21.9,17.6,15.9,14.3,13.1,13.6,12.5,13.4,14.5,12.5,11.6,11.4,11.4,11.4,11,13.5,12.5,12.3,11.7,9.4
Low income economies,"Exports to major regions, share",Other countries/areas,% of total merchandise exports,-,4,11.1,10.8,10.1,2.4,1.8,2.4,-,-,-,-,-,-,-,-,-,-,-,-,-,-,-,-,-,-,-
Lower middle income economies,"Exports to major regions, share",Other countries/areas,% of total merchandise exports,-,-,12.5,13,12.5,13.5,11.5,13.6,11.1,10.1,9.5,9.1,9.8,9.5,9.9,10.7,10,10.7,10.1,9.8,10.4,10.8,12.6,12.8,12.8,12.9,13.9
Upper middle income economies,"Exports to major regions, share",Other countries/areas,% of total merchandise exports,-,10.3,10.2,9.9,9.9,9.7,8.9,7.4,6.7,8.3,5.7,5.5,6.3,6.2,6.7,5.7,5.7,8.7,7.1,5.1,7.2,9.4,-,-,-,-,-
High income economies,"Exports to major regions, share",Other countries/areas,% of total merchandise exports,-,7.4,7.2,7.8,6.8,7,7.1,7,7.4,7.3,7.2,7.5,7.4,7.1,7.3,7.2,7.9,8.3,9.1,8.1,7.8,7.6,7.6,8.1,8.8,10.2,10.1
World Aggregates,"Exports to major regions, share",Other countries/areas,% of total merchandise exports,-,11.3,10.6,11.2,10.7,9.9,9.2,8.5,8.5,7.1,6.3,6.1,6.9,5.7,6.4,6.1,6.1,6.9,7.1,6.8,7,7.1,7.5,7.9,7.7,8.5,8.8
Africa,"Exports to major regions, share",Other countries/areas,% of total merchandise exports,-,-,7.9,7.1,6.4,6.9,5.3,6.4,5.7,6.3,6.9,8.4,10.7,9.3,10.1,10.3,11.9,-,-,-,-,-,-,-,-,-,-
Europe,"Exports to major regions, share",Other countries/areas,% of total merchandise exports,-,4.8,4.4,4.5,4.2,3.9,3.8,3.6,3.6,3.3,3.3,3.4,3.3,3.1,3.7,3.8,3.3,4.8,4.7,4.7,5,4.9,4.8,4.9,4.5,5,5.1
Latin America and Caribbean,"Exports to major regions, share",Other countries/areas,% of total merchandise exports,-,11.2,10.6,9.7,9.2,8.3,8.2,8,5.4,4.5,3,3.6,3.2,3.4,4.1,3.6,3.2,3.1,3.3,3.8,3.4,3.6,4.1,4.9,5.4,9,10.5
North America,"Exports to major regions, share",Other countries/areas,% of total merchandise exports,-,5.3,5,5.1,5,4.6,4.8,4.9,4.9,4.9,4.6,4.5,4.2,3.9,4.1,3.9,4.3,4.5,4.9,4.8,5,5.1,5.1,5.6,5.7,5.5,4.7
Other countries or areas,"Exports to major regions, share",Other countries/areas,% of total merchandise exports,-,-,51.7,56.6,58.8,55.1,50.4,47.8,49.3,33,28.4,26.2,40,25.6,29.9,27.9,25,25.9,34.6,-,30.8,27.4,29.2,29.6,29,28.6,-
